Beaver_Pond_Polygons_YK_Dam_Num,Beaver_Ponds_2020_OBJECTID,Beaver_Ponds_2020_Fire_Name,Beaver_Ponds_2020_Fire_Year,Beaver_Ponds_2020_Ig_Date,Beaver_Ponds_2020_Dam_Num,Beaver_Ponds_2020_Confidence,Beaver_Ponds_2020_Notes,BUFF_DIST,ORIG_FID,Percent_Unburned,Percent_Mild_Burn,Percent_Moderate_Burn,Percent_Severe_Burn,Unburned_Area_sq_m,Mild_burn_Area_sq_m,Moderate_burn_Area_sq_m,Shape_Length,Shape_Area,Severe_burn_Area_sq_m
1.000000000000000,2,CHALKYITSIK COMPLEX,2019.000000000000000,7/9/2019 0:00:00,1.000000000000000,Y,,30.000000000000000,1,2.451660519963666,97.548339358711061,0.000000000000000,0.000000000000000,188.133436052042953,7485.581349981128369,0.000000000000000,314.749883947667513,7673.714795343326841,0.000000000000000
2.000000000000000,3,LITTLE MUD RIVER,2019.000000000000000,6/21/2019 0:00:00,2.000000000000000,M,Poor imagery,30.000000000000000,2,0.000000000000000,13.795461604146384,44.316991868374345,41.887545262754415,0.000000000000000,511.824305542273635,1644.201132054602340,216.184107803287930,3710.091914491929401,1554.066429972598826
4.000000000000000,7,LITTLE MUD RIVER,2019.000000000000000,6/21/2019 0:00:00,4.000000000000000,M,Poor imagery,30.000000000000000,3,0.000000000000000,30.319632092600806,38.362041864039909,31.318328057936846,0.000000000000000,1157.222059257303499,1464.180071434735510,219.212278527235384,3816.741759012674720,1195.339705211858700
3.000000000000000,6,LITTLE MUD RIVER,2019.000000000000000,6/21/2019 0:00:00,3.000000000000000,M,Poor imagery,30.000000000000000,4,0.000000000000000,13.047774844805010,62.525896071121522,24.426327694618355,0.000000000000000,560.275036410986218,2684.879154841108175,232.950759919494118,4294.027472692483570,1048.873221776804712
5.000000000000000,8,LITTLE MUD RIVER,2019.000000000000000,6/21/2019 0:00:00,5.000000000000000,M,Poor imagery,30.000000000000000,5,0.000000000000000,7.706832337526389,44.760401536222034,47.532767770942698,0.000000000000000,347.242015889066295,2016.741948019390065,238.650602268761418,4505.638642198855450,2141.654752394237676
6.000000000000000,9,VICTORIA MOUNTAIN,2019.000000000000000,6/22/2019 0:00:00,6.000000000000000,Y,,30.000000000000000,6,42.349958327881666,38.934606219115373,18.715436649904433,0.000000000000000,5887.516252255049949,5412.711982275479386,2601.831071267401057,518.090572803383907,13902.059139403980225,0.000000000000000
7.000000000000000,10,VICTORIA MOUNTAIN,2019.000000000000000,6/22/2019 0:00:00,7.000000000000000,Y,,30.000000000000000,7,71.358875138832829,28.067811240450101,0.573315033333151,0.000000000000000,18164.792648425005609,7144.815137373927428,145.940482980711636,671.405879293752946,25455.547909190481732,0.000000000000000
8.000000000000000,11,HOG,2016.000000000000000,7/6/2016 0:00:00,8.000000000000000,Y,,30.000000000000000,8,4.312741321444434,58.018131327277942,37.669127874892474,0.000000000000000,603.429864123982497,8117.777184888313059,5270.586622524875565,483.307235920702340,13991.793598274061878,0.000000000000000
9.000000000000000,12,HOG,2016.000000000000000,7/6/2016 0:00:00,9.000000000000000,M,Poor imagery,30.000000000000000,9,28.815629697621670,34.124537351557535,37.059833281021568,0.000000000000000,1776.917599620089959,2104.291720679642822,2285.296926947557495,289.489909678645290,6166.506226885438991,0.000000000000000
10.000000000000000,13,HOG,2016.000000000000000,7/6/2016 0:00:00,10.000000000000000,M,Poor imagery,30.000000000000000,10,0.000000000000000,81.294986664582709,18.705013352678506,0.000000000000000,0.000000000000000,3823.143000093919454,879.659912621786475,246.394854199967028,4702.802911903944732,0.000000000000000
11.000000000000000,14,HOG,2016.000000000000000,7/6/2016 0:00:00,11.000000000000000,M,Poor imagery,30.000000000000000,11,0.000000000000000,70.200209835808636,29.799788496204453,0.000000000000000,0.000000000000000,2892.446053355721688,1227.835085226692854,228.164302295563175,4120.281207308165904,0.000000000000000
12.000000000000000,15,HOG,2016.000000000000000,7/6/2016 0:00:00,12.000000000000000,M,Poor imagery,30.000000000000000,12,0.000000000000000,85.475104165560296,14.524896400915067,0.000000000000000,0.000000000000000,8699.322928329078422,1478.287339051839808,394.919330013930164,10177.610209727265101,0.000000000000000
13.000000000000000,16,HOG,2016.000000000000000,7/6/2016 0:00:00,13.000000000000000,M,Poor imagery,30.000000000000000,13,0.000000000000000,99.214846830076837,0.785154260149014,0.000000000000000,0.000000000000000,5593.298596517617625,44.263558949626912,274.221205905553688,5637.562094005085783,0.000000000000000
14.000000000000000,17,HOG,2016.000000000000000,7/6/2016 0:00:00,14.000000000000000,M,Poor imagery,30.000000000000000,14,7.250590065549105,92.749409719834802,0.000000000000000,0.000000000000000,625.140578061946144,7996.786341936260214,0.000000000000000,359.040301772792986,8621.926938502248959,0.000000000000000
15.000000000000000,24,HOG,2016.000000000000000,7/6/2016 0:00:00,15.000000000000000,M,Poor imagery,30.000000000000000,15,0.000000000000000,42.109787159375472,57.422344895883661,0.467869294996628,0.000000000000000,1673.128764475178741,2281.535563342949445,224.255449062613792,3973.253909222543825,18.589635053505475
16.000000000000000,25,HOG,2016.000000000000000,7/6/2016 0:00:00,16.000000000000000,M,Poor imagery,30.000000000000000,16,0.000000000000000,9.909649310131829,90.090348639138995,0.000000000000000,0.000000000000000,365.270347225374451,3320.736375143791065,215.571480546142311,3686.006797959182222,0.000000000000000
17.000000000000000,26,HOG,2016.000000000000000,7/6/2016 0:00:00,17.000000000000000,M,Poor imagery,30.000000000000000,17,0.000000000000000,0.251518291310448,95.585757205286683,4.162722857747733,0.000000000000000,11.064574873451084,4204.925860155430200,236.126955886474548,4399.113406743889755,183.122899320772916
18.000000000000000,27,HOG,2016.000000000000000,7/6/2016 0:00:00,18.000000000000000,M,Poor imagery,30.000000000000000,18,0.000000000000000,67.638011747335000,32.361988706456366,0.000000000000000,0.000000000000000,2758.676436432294850,1319.912477825115502,227.342466552507659,4078.588895749126095,0.000000000000000
19.000000000000000,28,HOG,2016.000000000000000,7/6/2016 0:00:00,19.000000000000000,M,Poor imagery,30.000000000000000,19,0.000000000000000,28.650042792152881,71.349958509083095,0.000000000000000,0.000000000000000,1190.272410026854004,2964.249920533563454,229.121652330540201,4154.522276500279077,0.000000000000000
20.000000000000000,29,HOG,2016.000000000000000,7/6/2016 0:00:00,20.000000000000000,M,Poor imagery,30.000000000000000,20,0.000000000000000,57.630431456695320,42.369570136819704,0.000000000000000,0.000000000000000,2521.999942135818856,1854.160219391601004,236.047370329650676,4376.160091792651656,0.000000000000000
21.000000000000000,30,HOG,2016.000000000000000,7/6/2016 0:00:00,21.000000000000000,M,Poor imagery,30.000000000000000,21,0.000000000000000,57.400227499734889,42.599772558151123,0.000000000000000,0.000000000000000,2683.505596352024440,1991.572734858061722,245.266272321473991,4675.078328503869670,0.000000000000000
22.000000000000000,31,HOGATZA RIVER,2016.000000000000000,6/26/2016 0:00:00,22.000000000000000,M,Not super confident its a pond,30.000000000000000,22,38.846172852677945,37.399955285915496,19.685373379173754,0.000000000000000,2264.376656880276641,2180.075397361957585,1147.477259364060501,276.041988206755548,5829.085571615523804,0.000000000000000
23.000000000000000,32,HOGATZA RIVER,2016.000000000000000,6/26/2016 0:00:00,23.000000000000000,M,Not super confident its a pond,30.000000000000000,23,0.000000000000000,30.599431690178054,69.400568849017091,0.000000000000000,0.000000000000000,1502.382359726385630,3407.455126926675348,251.080306293586204,4909.837460179455775,0.000000000000000
24.000000000000000,33,HOGATZA RIVER,2016.000000000000000,6/26/2016 0:00:00,24.000000000000000,M,Not super confident its a pond,30.000000000000000,24,0.000000000000000,8.480672086800256,91.519327393954470,0.000000000000000,0.000000000000000,363.467369858854795,3922.364746410402404,232.816741097529132,4285.832138523238427,0.000000000000000
25.000000000000000,34,HOGATZA RIVER,2016.000000000000000,6/26/2016 0:00:00,25.000000000000000,Y,,30.000000000000000,25,0.000000000000000,90.222248656023410,8.867858502637381,0.909893618832770,0.000000000000000,7345.151550025690995,721.947918571489481,344.998274411154171,8141.175441136951122,74.076035836885723
26.000000000000000,35,HOGATZA RIVER,2016.000000000000000,6/26/2016 0:00:00,26.000000000000000,M,Not super confident its a pond,30.000000000000000,26,0.000000000000000,10.389270564950344,89.610730021102597,0.000000000000000,0.000000000000000,510.844017829312236,4406.190509566021319,253.466213034733329,4917.034498578907915,0.000000000000000
27.000000000000000,36,HOGATZA RIVER,2016.000000000000000,6/26/2016 0:00:00,27.000000000000000,Y,,30.000000000000000,27,35.404820549290463,64.595181366736014,0.000000000000000,0.000000000000000,1692.405539150403001,3087.750228681213684,0.000000000000000,246.299297407469226,4780.155676242568006,0.000000000000000
28.000000000000000,37,HOGATZA RIVER,2016.000000000000000,6/26/2016 0:00:00,28.000000000000000,M,Not super confident its a pond,30.000000000000000,28,74.465358151124747,25.094984108045495,0.439657786666213,0.000000000000000,3751.372733354231059,1264.220591483956696,22.148825626531853,253.164340054089109,5037.742148155597533,0.000000000000000
29.000000000000000,40,HOGATZA RIVER,2016.000000000000000,6/26/2016 0:00:00,29.000000000000000,Y,,30.000000000000000,29,0.000000000000000,76.629954450671534,15.829094821277373,7.540950963431993,0.000000000000000,4161.224683857347372,859.564912514973912,264.428445639657468,5430.284689175984568,409.495105585516399
30.000000000000000,41,HOGATZA RIVER,2016.000000000000000,6/26/2016 0:00:00,30.000000000000000,Y,,30.000000000000000,30,0.000000000000000,96.630668502089790,3.369331646160204,0.000000000000000,0.000000000000000,6895.352234351748848,240.428104811469609,306.404200658601383,7135.780328584424751,0.000000000000000
31.000000000000000,42,HOGATZA RIVER,2016.000000000000000,6/26/2016 0:00:00,31.000000000000000,Y,,30.000000000000000,31,0.000000000000000,100.000000009801425,0.000000000000000,0.000000000000000,0.000000000000000,6143.782064166838609,0.000000000000000,284.486198596659676,6143.782063564660348,0.000000000000000
32.000000000000000,43,HOGATZA RIVER,2016.000000000000000,6/26/2016 0:00:00,32.000000000000000,Y,,30.000000000000000,32,0.000000000000000,99.999999997629004,0.000000000000000,0.000000000000000,0.000000000000000,5906.599513492848018,0.000000000000000,275.023724792859127,5906.599513632892922,0.000000000000000
33.000000000000000,44,HOGATZA RIVER,2016.000000000000000,6/26/2016 0:00:00,33.000000000000000,Y,,30.000000000000000,33,31.512242613086737,66.727269895569407,1.760485867336235,0.000000000000000,1792.565385596715714,3795.762674170747232,100.144761715834804,270.260816050336985,5688.472913864531620,0.000000000000000
34.000000000000000,45,HOGATZA RIVER,2016.000000000000000,6/26/2016 0:00:00,34.000000000000000,Y,,30.000000000000000,34,41.698122566894035,43.507575481682025,6.061706117054975,8.732594996185778,6150.062372164430599,6416.938854854710371,894.041947375752557,491.567771279872090,14749.015048095316160,1287.971750076659191
35.000000000000000,46,HOGATZA RIVER,2016.000000000000000,6/26/2016 0:00:00,35.000000000000000,M,Technically not within the fire boundry,30.000000000000000,35,18.342314868587366,62.593417004432247,11.622983456146549,0.000000000000000,1724.077632722218823,5883.440066652141468,1092.497100055831197,364.503190569089782,9399.455003767463495,0.000000000000000
36.000000000000000,47,HOGATZA RIVER,2016.000000000000000,6/26/2016 0:00:00,36.000000000000000,M,,30.000000000000000,36,0.000000000000000,100.000000006375117,0.000000000000000,0.000000000000000,0.000000000000000,7756.327928519339366,0.000000000000000,323.718553755296114,7756.327928024864377,0.000000000000000
37.000000000000000,48,HOGATZA RIVER,2016.000000000000000,6/26/2016 0:00:00,37.000000000000000,,,30.000000000000000,37,14.348488390242462,85.651511456063531,0.000000000000000,0.000000000000000,1266.683385659946907,7561.308450570866626,0.000000000000000,346.297796368761169,8827.991849798907424,0.000000000000000
38.000000000000000,49,HOGATZA RIVER,2016.000000000000000,6/26/2016 0:00:00,38.000000000000000,,,30.000000000000000,38,6.513878167538387,93.486121762446331,0.000000000000000,0.000000000000000,767.071242279834337,11008.881915171461515,0.000000000000000,431.066994271285409,11775.953165696262658,0.000000000000000
39.000000000000000,50,HOGATZA RIVER,2016.000000000000000,6/26/2016 0:00:00,39.000000000000000,,,30.000000000000000,39,0.000000000000000,99.999999988179638,0.000000000000000,0.000000000000000,0.000000000000000,8486.393397640820695,0.000000000000000,351.685821239460665,8486.393398643942419,0.000000000000000
40.000000000000000,51,HOGATZA RIVER,2016.000000000000000,6/26/2016 0:00:00,40.000000000000000,,,30.000000000000000,40,0.000000000000000,74.692398232791163,20.708730672803821,4.598872049379492,0.000000000000000,13393.042036291079057,3713.268110024744601,547.357876105128980,17930.930527293363411,824.620552213349242
41.000000000000000,52,HOGATZA RIVER,2016.000000000000000,6/26/2016 0:00:00,41.000000000000000,,,30.000000000000000,41,0.000000000000000,85.603241579093094,14.396758444598126,0.000000000000000,0.000000000000000,7780.041334527120853,1308.447831133668160,357.811552287484233,9088.489163507614649,0.000000000000000
42.000000000000000,53,HOGATZA RIVER,2016.000000000000000,6/26/2016 0:00:00,42.000000000000000,,,30.000000000000000,42,6.922862793107964,93.077137261549183,0.000000000000000,0.000000000000000,883.880373877334023,11883.675488133714680,0.000000000000000,454.506686447639993,12767.555855032667750,0.000000000000000
43.000000000000000,54,HOGATZA RIVER,2016.000000000000000,6/26/2016 0:00:00,43.000000000000000,,,30.000000000000000,43,7.460600447647776,75.241414849361789,17.297983565997562,0.000000000000000,1603.686301441429578,16173.447049163023621,3718.271670224005902,705.279000521145122,21495.405265229685028,0.000000000000000
44.000000000000000,55,HOGATZA RIVER,2016.000000000000000,6/26/2016 0:00:00,44.000000000000000,,,30.000000000000000,44,7.235117363823449,50.630600355787095,42.134281386793447,0.000000000000000,631.710740112361918,4420.646192003907345,3678.817735844996605,351.895553133505075,8731.174745982694731,0.000000000000000
45.000000000000000,56,HOGATZA RIVER,2016.000000000000000,6/26/2016 0:00:00,45.000000000000000,,,30.000000000000000,45,34.836633877268405,39.400533956398966,25.762831541922072,0.000000000000000,2510.687611053254841,2839.609384239699466,1856.735705459830115,309.966940699784914,7207.032745754258031,0.000000000000000
46.000000000000000,58,HOGATZA RIVER,2016.000000000000000,6/26/2016 0:00:00,46.000000000000000,,,30.000000000000000,46,54.658609279090200,39.346461931855004,5.994931070503695,0.000000000000000,3726.520903533256387,2682.567573581224224,408.723094936470375,301.656554034866531,6817.811416506067872,0.000000000000000
47.000000000000000,59,HOGATZA RIVER,2016.000000000000000,6/26/2016 0:00:00,47.000000000000000,,,30.000000000000000,47,28.361063119524278,38.803423770156257,32.835513832544621,0.000000000000000,3436.655577608672957,4702.010011684545134,3978.847735033496974,426.697321721168578,12117.513236810986200,0.000000000000000
48.000000000000000,60,INIAKUK LAKE,2016.000000000000000,6/26/2016 0:00:00,48.000000000000000,,,30.000000000000000,48,0.000000000000000,56.768740014972565,22.916184310077618,0.000000000000000,0.000000000000000,24318.403634268241149,9816.758653843124193,1074.971082035144036,42837.666694477178680,0.000000000000000
50.000000000000000,62,INIAKUK LAKE,2016.000000000000000,6/26/2016 0:00:00,50.000000000000000,,,30.000000000000000,49,28.213441532960598,54.653507555193258,15.012042601394832,0.000000000000000,4161.886384880780497,8062.174503390648169,2214.491119029362380,502.737178859956828,14751.431086557167873,0.000000000000000
49.000000000000000,61,INIAKUK LAKE,2016.000000000000000,6/26/2016 0:00:00,49.000000000000000,,,30.000000000000000,50,57.008067576830967,42.946341473054808,0.045591367909584,0.000000000000000,4815.977209706423309,3628.058458493694616,3.851507306680460,339.148063984552607,8447.887140211918449,0.000000000000000
51.000000000000000,63,INIAKUK LAKE,2016.000000000000000,6/26/2016 0:00:00,51.000000000000000,,,30.000000000000000,51,44.442620725715187,55.557379877786126,0.000000000000000,0.000000000000000,6561.222399081641015,8202.133882655991329,0.000000000000000,444.909891707259874,14763.356192640583686,0.000000000000000
52.000000000000000,64,INIAKUK LAKE,2016.000000000000000,6/26/2016 0:00:00,52.000000000000000,,,30.000000000000000,52,11.413429100686805,77.819808018537913,10.766763007983762,0.000000000000000,900.000000098116402,6136.440381454244744,849.007482567940883,330.780160460844684,7885.447854089344219,0.000000000000000
53.000000000000000,65,INIAKUK LAKE,2016.000000000000000,6/26/2016 0:00:00,53.000000000000000,,,30.000000000000000,53,96.604554302275460,3.395447480404201,0.000000000000000,0.000000000000000,8331.919052502295017,292.849480628309379,0.000000000000000,346.352777061328936,8624.768379378612735,0.000000000000000
54.000000000000000,66,INIAKUK LAKE,2016.000000000000000,6/26/2016 0:00:00,54.000000000000000,,,30.000000000000000,54,18.140153628635368,81.859844024979580,0.000000000000000,0.000000000000000,1958.883212944858997,8839.719748662348138,0.000000000000000,389.480335761266076,10798.603214984019360,0.000000000000000
55.000000000000000,67,HURST CREEK,2019.000000000000000,6/22/2019 0:00:00,55.000000000000000,,,30.000000000000000,55,68.136545231028165,31.863455414128694,0.000000000000000,0.000000000000000,6322.073497691820194,2956.462003400994035,0.000000000000000,371.337172558539862,9278.535441231706500,0.000000000000000
56.000000000000000,68,HURST CREEK,2019.000000000000000,6/22/2019 0:00:00,56.000000000000000,,,30.000000000000000,56,59.191481648436259,3.680246264595287,0.000000000000000,0.000000000000000,4154.640905571013718,258.315913838362974,0.000000000000000,309.423117334026927,7018.984471865763226,0.000000000000000
57.000000000000000,69,HURST CREEK,2019.000000000000000,6/22/2019 0:00:00,57.000000000000000,,,30.000000000000000,57,21.478565119170874,78.149853607318875,0.371580053791293,0.000000000000000,2254.832208002708740,8204.216901211770164,39.008689290522348,412.923670318515690,10498.057926551804485,0.000000000000000
58.000000000000000,70,HURST CREEK,2019.000000000000000,6/22/2019 0:00:00,58.000000000000000,,,30.000000000000000,58,0.000000000000000,0.000000000000000,0.000000000000000,0.000000000000000,0.000000000000000,0.000000000000000,0.000000000000000,393.909783256107062,11136.505000714840207,0.000000000000000
59.000000000000000,71,HURST CREEK,2019.000000000000000,6/22/2019 0:00:00,59.000000000000000,,,30.000000000000000,59,0.000000000000000,0.000000000000000,0.000000000000000,0.000000000000000,0.000000000000000,0.000000000000000,0.000000000000000,535.423939817473183,16106.252081794988044,0.000000000000000
60.000000000000000,72,HURST CREEK,2019.000000000000000,6/22/2019 0:00:00,60.000000000000000,,,30.000000000000000,60,0.000000000000000,0.000000000000000,0.000000000000000,0.000000000000000,0.000000000000000,0.000000000000000,0.000000000000000,421.340758805135692,12783.667848479919485,0.000000000000000
61.000000000000000,73,HURST CREEK,2019.000000000000000,6/22/2019 0:00:00,61.000000000000000,,,30.000000000000000,61,0.000000000000000,0.000000000000000,0.000000000000000,0.000000000000000,0.000000000000000,0.000000000000000,0.000000000000000,354.956247754203901,9157.471487750735832,0.000000000000000
62.000000000000000,74,HURST CREEK,2019.000000000000000,6/22/2019 0:00:00,62.000000000000000,,,30.000000000000000,62,0.000000000000000,45.503024616325028,0.000000000000000,0.000000000000000,0.000000000000000,3278.542820728197512,0.000000000000000,316.037857840213860,7205.109656714910670,0.000000000000000
63.000000000000000,75,HURST CREEK,2019.000000000000000,6/22/2019 0:00:00,63.000000000000000,,,30.000000000000000,63,0.000000000000000,0.000000000000000,0.000000000000000,0.000000000000000,0.000000000000000,0.000000000000000,0.000000000000000,299.687029397088168,6895.024072817423075,0.000000000000000
64.000000000000000,76,HURST CREEK,2019.000000000000000,6/22/2019 0:00:00,64.000000000000000,,,30.000000000000000,64,15.973916592318268,45.156325926047920,0.000000000000000,0.000000000000000,2265.251846646674494,6403.592387664640228,0.000000000000000,455.667831542435067,14180.941997255804381,0.000000000000000
65.000000000000000,77,HURST CREEK,2019.000000000000000,6/22/2019 0:00:00,65.000000000000000,,,30.000000000000000,65,42.453563215805232,37.506912394698965,0.000000000000000,0.000000000000000,4823.128130846508611,4261.141599645982751,0.000000000000000,399.628295076122242,11360.950095823485753,0.000000000000000
66.000000000000000,78,HURST CREEK,2019.000000000000000,6/22/2019 0:00:00,66.000000000000000,,,30.000000000000000,66,54.657465184532896,21.418375570134980,2.000528415444150,0.000000000000000,6200.311337022351836,2429.688175617971410,226.938790015893602,394.042962283187023,11343.942343628719755,0.000000000000000
67.000000000000000,79,HURST CREEK,2019.000000000000000,6/22/2019 0:00:00,67.000000000000000,,,30.000000000000000,67,28.157496481471888,12.788936813066643,23.281090557542193,0.000000000000000,2703.030147294128255,1227.697277004215721,2234.910681080254562,360.424162137619419,9599.682092023940641,0.000000000000000
68.000000000000000,80,HURST CREEK,2019.000000000000000,6/22/2019 0:00:00,68.000000000000000,,,30.000000000000000,68,40.058485991511198,39.481920120042247,10.783188271324406,0.000000000000000,2945.888909848465119,2903.488430536355736,792.992394870693943,319.776967641958436,7353.969669429666283,0.000000000000000
69.000000000000000,81,HURST CREEK,2019.000000000000000,6/22/2019 0:00:00,69.000000000000000,,,30.000000000000000,69,35.149121389452148,25.203522086907004,36.536224835002848,2.841038010280773,2739.766065042897480,1964.537143565375573,2847.886518658683599,324.702982290545208,7794.692887729109316,221.450187725035988
70.000000000000000,82,HURST CREEK,2019.000000000000000,6/22/2019 0:00:00,70.000000000000000,,,30.000000000000000,70,25.161287098072755,8.620819836195876,0.000000000000000,0.000000000000000,2383.705762645297455,816.710919523707389,0.000000000000000,369.026252198620512,9473.703604088992506,0.000000000000000
71.000000000000000,83,HURST CREEK,2019.000000000000000,6/22/2019 0:00:00,71.000000000000000,,,30.000000000000000,71,24.919879452511147,3.305330997851342,0.000000000000000,0.000000000000000,4029.272386859824110,534.435928731276249,0.000000000000000,483.773425667568176,16168.908017947091139,0.000000000000000
72.000000000000000,84,HURST CREEK,2019.000000000000000,6/22/2019 0:00:00,72.000000000000000,,,30.000000000000000,72,18.999594279106223,30.678165562249699,3.775751137772137,0.000000000000000,1275.865025648830169,2060.107069495804353,253.550089095053266,294.652136312813411,6715.222477418340532,0.000000000000000
73.000000000000000,85,HURST CREEK,2019.000000000000000,6/22/2019 0:00:00,73.000000000000000,,,30.000000000000000,73,35.216701822088410,25.103664033522715,0.000000000000000,0.000000000000000,2540.069578540991643,1810.648073848595459,0.000000000000000,304.528348827422235,7212.684456861387844,0.000000000000000
74.000000000000000,86,HURST CREEK,2019.000000000000000,6/22/2019 0:00:00,74.000000000000000,,,30.000000000000000,74,18.868943801474035,65.729243907159812,0.000000000000000,0.000000000000000,1213.975413731032177,4228.836913499567345,0.000000000000000,287.713063966813650,6433.722133594975276,0.000000000000000
76.000000000000000,88,HURST CREEK,2019.000000000000000,6/22/2019 0:00:00,76.000000000000000,,,30.000000000000000,75,68.577344302531088,14.246485134551698,0.000000000000000,0.000000000000000,3455.574923173442130,717.872604648282845,0.000000000000000,252.635175455856626,5038.945381041683504,0.000000000000000
75.000000000000000,87,HURST CREEK,2019.000000000000000,6/22/2019 0:00:00,75.000000000000000,,,30.000000000000000,76,31.253256481132642,20.970845206273619,0.000000000000000,0.000000000000000,2647.572911974371436,1776.513808820394843,0.000000000000000,330.863979467315005,8471.350540935443860,0.000000000000000
77.000000000000000,89,HURST CREEK,2019.000000000000000,6/22/2019 0:00:00,77.000000000000000,,,30.000000000000000,77,46.114667937946905,35.075112768939739,0.000000000000000,0.000000000000000,4854.870408302516807,3692.645630213349705,0.000000000000000,382.317362583001398,10527.822546256555142,0.000000000000000
78.000000000000000,90,HURST CREEK,2019.000000000000000,6/22/2019 0:00:00,78.000000000000000,M,Not super confident it's a pond,30.000000000000000,78,0.000000000000000,0.000000000000000,0.000000000000000,0.000000000000000,0.000000000000000,0.000000000000000,0.000000000000000,267.346264345966915,5466.390280369861102,0.000000000000000
79.000000000000000,91,HURST CREEK,2019.000000000000000,6/22/2019 0:00:00,79.000000000000000,,,30.000000000000000,79,0.000000000000000,0.000000000000000,0.000000000000000,0.000000000000000,0.000000000000000,0.000000000000000,0.000000000000000,544.553944223689996,17132.396027548838902,0.000000000000000
80.000000000000000,92,HURST CREEK,2019.000000000000000,6/22/2019 0:00:00,80.000000000000000,,,30.000000000000000,80,66.133430652082097,16.648198836732643,0.000000000000000,0.000000000000000,4838.890232851544170,1218.125325592794752,0.000000000000000,311.084719300791335,7316.859544620038832,0.000000000000000
81.000000000000000,93,HURST CREEK,2019.000000000000000,6/22/2019 0:00:00,81.000000000000000,,,30.000000000000000,81,71.605671345108632,22.897997562259427,1.950396960057228,0.000000000000000,5795.376691385672530,1853.240376899128478,157.854606610531476,325.677659416145730,8093.460451553400162,0.000000000000000
82.000000000000000,94,HURST CREEK,2019.000000000000000,6/22/2019 0:00:00,82.000000000000000,,,30.000000000000000,82,42.906475548796976,49.799428301663113,0.000000000000000,0.000000000000000,2297.781446832712390,2666.921506621994013,0.000000000000000,262.659713330405395,5355.325548050375801,0.000000000000000
83.000000000000000,95,HURST CREEK,2019.000000000000000,6/22/2019 0:00:00,83.000000000000000,,,30.000000000000000,83,24.370522994449090,61.474054667064003,4.010931274773471,0.000000000000000,1651.073947419526576,4164.794088586098042,271.735823403422614,297.491183196532404,6774.881063469972105,0.000000000000000
84.000000000000000,96,HURST CREEK,2019.000000000000000,6/22/2019 0:00:00,84.000000000000000,,,30.000000000000000,84,28.036118148043482,70.284373119113255,1.679507504425935,0.000000000000000,1789.446476746686585,4486.003489649428957,107.197036715096843,286.056197537587536,6382.647081516754952,0.000000000000000
86.000000000000000,98,HURST CREEK,2019.000000000000000,6/22/2019 0:00:00,86.000000000000000,,,30.000000000000000,85,19.922918680958961,80.077081008932410,0.000000000000000,0.000000000000000,899.075472516552168,3613.694388797592637,0.000000000000000,239.474572666112579,4512.769875308633345,0.000000000000000
85.000000000000000,97,HURST CREEK,2019.000000000000000,6/22/2019 0:00:00,85.000000000000000,,,30.000000000000000,86,16.086351775615551,83.913648236091731,0.000000000000000,0.000000000000000,899.999999860497724,4694.804916255570788,0.000000000000000,271.575607055742012,5594.804915461068958,0.000000000000000
87.000000000000000,99,HURST CREEK,2019.000000000000000,6/22/2019 0:00:00,87.000000000000000,,,30.000000000000000,87,49.687395327444776,50.312606403293749,0.000000000000000,0.000000000000000,7938.931020736828032,8038.825723847258814,0.000000000000000,560.893589829523421,15977.756468050900367,0.000000000000000
88.000000000000000,100,HURST CREEK,2019.000000000000000,6/22/2019 0:00:00,88.000000000000000,,,30.000000000000000,88,72.599984045672116,11.005158757479441,0.000000000000000,0.000000000000000,7249.177281266369391,1098.875542331546740,0.000000000000000,377.174254427151027,9985.094868210942877,0.000000000000000
89.000000000000000,101,HURST CREEK,2019.000000000000000,6/22/2019 0:00:00,89.000000000000000,,,30.000000000000000,89,59.239169308605412,40.760834123230403,0.000000000000000,0.000000000000000,6031.628416612383262,4150.196706873573021,0.000000000000000,385.869794987336263,10181.824774062446522,0.000000000000000
90.000000000000000,102,HURST CREEK,2019.000000000000000,6/22/2019 0:00:00,90.000000000000000,,,30.000000000000000,90,27.492041668490781,72.507958464945546,0.000000000000000,0.000000000000000,1531.419508063813055,4038.990753108153058,0.000000000000000,267.426324966160621,5570.410253739015388,0.000000000000000
91.000000000000000,105,HURST CREEK,2019.000000000000000,6/22/2019 0:00:00,91.000000000000000,,,30.000000000000000,91,55.820527896917625,1.584483228647259,0.000000000000000,0.000000000000000,3199.448222585900112,90.817343379021906,0.000000000000000,272.199378326722638,5731.669590252247872,0.000000000000000
92.000000000000000,106,OLD GROUCH TOP,2019.000000000000000,6/5/2019 0:00:00,92.000000000000000,,,30.000000000000000,92,26.014499377413831,31.642302453487069,5.530422196733151,0.000000000000000,5273.771399180703156,6414.663886567356712,1121.151015954122613,665.809532204670063,20272.430857383587863,0.000000000000000
93.000000000000000,107,OLD GROUCH TOP,2019.000000000000000,6/5/2019 0:00:00,93.000000000000000,,,30.000000000000000,93,51.000057454674852,2.064885355734718,0.000000000000000,0.000000000000000,8507.920964066324814,344.467874807043415,0.000000000000000,547.125937826306199,16682.179175244160433,0.000000000000000
94.000000000000000,108,OLD GROUCH TOP,2019.000000000000000,6/5/2019 0:00:00,94.000000000000000,,,30.000000000000000,94,36.986050549921032,14.959046393526759,1.655940979364962,0.000000000000000,13952.838725542931570,5643.240051680487340,624.697070397159564,1112.959921031030490,37724.597566075412033,0.000000000000000
95.000000000000000,109,OLD GROUCH TOP,2019.000000000000000,6/5/2019 0:00:00,95.000000000000000,,,30.000000000000000,95,0.000000000000000,65.034450735141917,34.965549971556378,0.000000000000000,0.000000000000000,4234.270959761682207,2276.541297159830719,291.732242010250786,6510.812210909713940,0.000000000000000
96.000000000000000,110,OLD GROUCH TOP,2019.000000000000000,6/5/2019 0:00:00,96.000000000000000,,,30.000000000000000,96,22.430276667731640,61.498200977249716,16.071523442562892,0.000000000000000,1799.999999973942749,4935.149191302494728,1289.718474039668308,327.254312131546556,8024.867578042119931,0.000000000000000
97.000000000000000,111,OLD GROUCH TOP,2019.000000000000000,6/5/2019 0:00:00,97.000000000000000,,,30.000000000000000,97,0.000000000000000,61.773184363541056,38.226815862388968,0.000000000000000,0.000000000000000,5041.339663972061317,3119.709061787644714,335.104918799787924,8161.048707321446273,0.000000000000000
98.000000000000000,112,OLD GROUCH TOP,2019.000000000000000,6/5/2019 0:00:00,98.000000000000000,,,30.000000000000000,98,13.893112223487067,86.106887747662313,0.000000000000000,0.000000000000000,899.999999948867298,5578.030157813138430,0.000000000000000,288.364724883115741,6478.030159630957314,0.000000000000000
100.000000000000000,114,OLD GROUCH TOP,2019.000000000000000,6/5/2019 0:00:00,100.000000000000000,,,30.000000000000000,99,10.483423059451583,89.516575853133176,0.000000000000000,0.000000000000000,470.497377885089463,4017.515460103367332,0.000000000000000,238.985560881364449,4488.012886791792880,0.000000000000000
99.000000000000000,113,OLD GROUCH TOP,2019.000000000000000,6/5/2019 0:00:00,99.000000000000000,,,30.000000000000000,100,23.332261551926138,76.667737295104899,0.000000000000000,0.000000000000000,973.413455204280467,3198.550080412641819,0.000000000000000,229.816291027814259,4171.963583718367772,0.000000000000000
101.000000000000000,115,OLD GROUCH TOP,2019.000000000000000,6/5/2019 0:00:00,101.000000000000000,,,30.000000000000000,101,33.165020779777407,54.475796687804547,12.359181898503696,0.000000000000000,1944.444589559486076,3193.882157798396747,724.611165887782818,276.103626086284464,5862.937950411670499,0.000000000000000
102.000000000000000,116,OLD GROUCH TOP,2019.000000000000000,6/5/2019 0:00:00,102.000000000000000,,,30.000000000000000,102,25.248277394713597,69.828959458973713,4.922762376471797,0.000000000000000,2011.485940478492921,5563.150625847344600,392.187837363620588,321.801555694402396,7966.824465021330070,0.000000000000000
103.000000000000000,117,OLD GROUCH TOP,2019.000000000000000,6/5/2019 0:00:00,103.000000000000000,,,30.000000000000000,103,45.803666580039447,47.156751556308066,0.000000000000000,0.000000000000000,2159.712394561684505,2223.512404742878516,0.000000000000000,243.925665946769413,4715.151768009015541,0.000000000000000
104.000000000000000,118,OLD GROUCH TOP,2019.000000000000000,6/5/2019 0:00:00,104.000000000000000,,,30.000000000000000,104,7.625477013829888,75.277050814208565,0.000000000000000,0.000000000000000,468.377630530943065,4623.722113353806890,0.000000000000000,280.177114292148531,6142.273193945421554,0.000000000000000
105.000000000000000,119,OLD GROUCH TOP,2019.000000000000000,6/5/2019 0:00:00,105.000000000000000,,,30.000000000000000,105,12.334683483268037,77.383074997536198,10.282241791337503,0.000000000000000,865.903890189012031,5432.349015363752187,721.820967604127077,305.197732335866476,7020.073854052340721,0.000000000000000
106.000000000000000,120,OLD GROUCH TOP,2019.000000000000000,6/5/2019 0:00:00,106.000000000000000,,,30.000000000000000,106,11.929136501310539,68.956994439334267,19.113869343659402,0.000000000000000,928.075241527231924,5364.787238560508740,1487.040483247704515,328.340686649373936,7779.902941216853833,0.000000000000000
107.000000000000000,121,OLD GROUCH TOP,2019.000000000000000,6/5/2019 0:00:00,107.000000000000000,,,30.000000000000000,107,23.219788877746833,60.483832889527079,15.929307543019391,0.000000000000000,2800.041854249381231,7293.660785968995697,1920.892910116449229,458.171304972639007,12058.860091242515409,0.000000000000000
108.000000000000000,123,OLD GROUCH TOP,2019.000000000000000,6/5/2019 0:00:00,108.000000000000000,,,30.000000000000000,108,0.000000000000000,74.177238214783401,25.822762685238192,0.000000000000000,0.000000000000000,5674.252020572071160,1975.334575266833554,319.915205074891958,7649.586526990973653,0.000000000000000
109.000000000000000,124,OLD GROUCH TOP,2019.000000000000000,6/5/2019 0:00:00,109.000000000000000,,,30.000000000000000,109,4.124975602062098,75.897701841927926,10.904700851594747,0.000000000000000,409.195746382189895,7529.018290041528417,1081.741477891931481,362.730880654770658,9919.955555073602227,0.000000000000000
110.000000000000000,125,OLD GROUCH TOP,2019.000000000000000,6/5/2019 0:00:00,110.000000000000000,,,30.000000000000000,110,38.894730308506894,42.928757141687583,7.763427993572693,0.000000000000000,3361.660748639990743,3710.320568530758919,670.990927405355819,338.411897232232491,8642.972253505360641,0.000000000000000
111.000000000000000,126,OLD GROUCH TOP,2019.000000000000000,6/5/2019 0:00:00,111.000000000000000,,,30.000000000000000,111,67.755728663583312,15.067106577740091,0.000000000000000,0.000000000000000,6513.431547133416643,1448.417266601108622,0.000000000000000,356.248716006653467,9613.108257566702378,0.000000000000000
112.000000000000000,127,OLD GROUCH TOP,2019.000000000000000,6/5/2019 0:00:00,112.000000000000000,,,30.000000000000000,112,48.393824257424406,42.278732760582947,3.686887911927081,0.000000000000000,3761.146293364166013,3285.884127791470291,286.543273171189298,317.998213501787461,7771.955101868487873,0.000000000000000
113.000000000000000,128,OLD GROUCH TOP,2019.000000000000000,6/5/2019 0:00:00,113.000000000000000,,,30.000000000000000,113,0.000000000000000,96.082360492519626,3.917640346678230,0.000000000000000,0.000000000000000,7652.224563802605189,312.010066565020111,323.922169968944957,7964.234563531939784,0.000000000000000
114.000000000000000,129,OLD GROUCH TOP,2019.000000000000000,6/5/2019 0:00:00,114.000000000000000,,,30.000000000000000,114,0.000000000000000,81.728965821405922,18.271034109803296,0.000000000000000,0.000000000000000,4725.110016735775389,1056.328627441666413,273.740850927357030,5781.438648154538896,0.000000000000000
115.000000000000000,130,OLD GROUCH TOP,2019.000000000000000,6/5/2019 0:00:00,115.000000000000000,,,30.000000000000000,115,61.654760431783650,38.345238572296452,0.000000000000000,0.000000000000000,4425.314776731296661,2752.257079305649313,0.000000000000000,307.775253848063812,7177.571927519812562,0.000000000000000
116.000000000000000,131,PAIGE MOUNTAIN,2019.000000000000000,6/22/2019 0:00:00,116.000000000000000,,,30.000000000000000,116,85.622033659558255,9.683032420283016,0.353091572742152,0.000000000000000,9911.695630992480801,1120.917899666865878,40.874247542448629,422.273159394568950,11576.103962214179774,0.000000000000000
117.000000000000000,132,PAIGE MOUNTAIN,2019.000000000000000,6/22/2019 0:00:00,117.000000000000000,,,30.000000000000000,117,50.561733119404003,25.857261405113181,12.977810330903628,0.000000000000000,6335.200628053668879,3239.820484526773726,1626.072270207639122,418.396575965840725,12529.635036624995337,0.000000000000000
118.000000000000000,133,PAIGE MOUNTAIN,2019.000000000000000,6/22/2019 0:00:00,118.000000000000000,,,30.000000000000000,118,31.260665625477372,0.165144703326110,0.000000000000000,0.000000000000000,2674.841303040158436,14.130725133215932,0.000000000000000,334.152336777321807,8556.571811638485087,0.000000000000000
119.000000000000000,134,PAIGE MOUNTAIN,2019.000000000000000,6/22/2019 0:00:00,119.000000000000000,,,30.000000000000000,119,54.523275190956745,0.471045565069966,0.000000000000000,0.000000000000000,6459.850855345690434,55.808901533646527,0.000000000000000,406.111229942126158,11847.877503178908228,0.000000000000000
120.000000000000000,135,PAIGE MOUNTAIN,2019.000000000000000,6/22/2019 0:00:00,120.000000000000000,,,30.000000000000000,120,68.525131693998915,0.000000000000000,0.000000000000000,0.000000000000000,3917.862070647102883,0.000000000000000,0.000000000000000,272.137921280701391,5717.409034896038065,0.000000000000000
121.000000000000000,136,PAIGE MOUNTAIN,2019.000000000000000,6/22/2019 0:00:00,121.000000000000000,,,30.000000000000000,121,93.893247250240051,0.002087888450455,0.000000000000000,0.000000000000000,8771.563164610233798,0.195051784448574,0.000000000000000,355.074474940978405,9342.059649116894434,0.000000000000000
122.000000000000000,137,PAIGE MOUNTAIN,2019.000000000000000,6/22/2019 0:00:00,122.000000000000000,,,30.000000000000000,122,81.869639993238991,0.000000000000000,0.000000000000000,0.000000000000000,4064.049250478215981,0.000000000000000,0.000000000000000,251.162429134916124,4964.049250508290243,0.000000000000000
123.000000000000000,138,PAIGE MOUNTAIN,2019.000000000000000,6/22/2019 0:00:00,123.000000000000000,,,30.000000000000000,123,16.545606293315739,0.000000000000000,0.000000000000000,0.000000000000000,1993.104355597858557,0.000000000000000,0.000000000000000,414.570252294265117,12046.124634326955857,0.000000000000000
124.000000000000000,139,PAIGE MOUNTAIN,2019.000000000000000,6/22/2019 0:00:00,124.000000000000000,,,30.000000000000000,124,0.000000000000000,0.000000000000000,0.000000000000000,0.000000000000000,0.000000000000000,0.000000000000000,0.000000000000000,301.983199309420684,7012.334425850940534,0.000000000000000
125.000000000000000,140,PAIGE MOUNTAIN,2019.000000000000000,6/22/2019 0:00:00,125.000000000000000,,,30.000000000000000,125,49.974379478261831,3.845142931051942,0.000000000000000,0.000000000000000,4492.502876815610762,345.663435141443756,0.000000000000000,343.743663587730452,8989.612124688386757,0.000000000000000
126.000000000000000,141,PAIGE MOUNTAIN,2019.000000000000000,6/22/2019 0:00:00,126.000000000000000,,,30.000000000000000,126,29.622768585414700,13.236054470913341,0.000000000000000,0.000000000000000,2394.785974675218313,1070.038997725125910,0.000000000000000,327.518090147744147,8084.274661127839863,0.000000000000000
127.000000000000000,142,PAIGE MOUNTAIN,2019.000000000000000,6/22/2019 0:00:00,127.000000000000000,,,30.000000000000000,127,25.183196101917176,0.000000000000000,0.000000000000000,0.000000000000000,1581.884994535865872,0.000000000000000,0.000000000000000,286.672477004491157,6281.510051916874545,0.000000000000000
128.000000000000000,143,PAIGE MOUNTAIN,2019.000000000000000,6/22/2019 0:00:00,128.000000000000000,,,30.000000000000000,128,32.807394561908836,32.229170630611080,0.000000000000000,0.000000000000000,1876.242449441293275,1843.174042160841509,0.000000000000000,269.776690683707557,5718.962064789236138,0.000000000000000
129.000000000000000,144,PAIGE MOUNTAIN,2019.000000000000000,6/22/2019 0:00:00,129.000000000000000,,,30.000000000000000,129,45.639774950001595,46.982065899786065,4.157621405947345,0.000000000000000,3580.791005432714883,3686.104043565077518,326.197343232303808,322.627020912598027,7845.768322379928577,0.000000000000000
130.000000000000000,145,PAIGE MOUNTAIN,2019.000000000000000,6/22/2019 0:00:00,130.000000000000000,,,30.000000000000000,130,75.179988241321411,11.738164555809266,0.000000000000000,0.000000000000000,5172.204448982497524,807.557813703885699,0.000000000000000,299.067924226643299,6879.762247873940396,0.000000000000000
131.000000000000000,146,PAIGE MOUNTAIN,2019.000000000000000,6/22/2019 0:00:00,131.000000000000000,,,30.000000000000000,131,49.877287243557475,15.479180901649833,2.388188059756388,0.000000000000000,5201.122578923585934,1614.143866679775329,249.036375608400448,389.820157553068952,10427.837732083959054,0.000000000000000
132.000000000000000,147,PAIGE MOUNTAIN,2019.000000000000000,6/22/2019 0:00:00,132.000000000000000,,,30.000000000000000,132,48.427140901186910,0.763697994326854,0.000000000000000,0.000000000000000,3660.641266756692403,57.728462621333122,0.000000000000000,312.852069767088778,7559.069560241110594,0.000000000000000
133.000000000000000,148,PAIGE MOUNTAIN,2019.000000000000000,6/22/2019 0:00:00,133.000000000000000,,,30.000000000000000,133,64.965588231413093,2.624314538318498,0.000000000000000,0.000000000000000,4581.111812278887555,185.056099050495504,0.000000000000000,307.409136197925363,7051.597525694014621,0.000000000000000
134.000000000000000,149,PAIGE MOUNTAIN,2019.000000000000000,6/22/2019 0:00:00,134.000000000000000,M,Maybe inactive,30.000000000000000,134,52.457656012170759,13.849300085591521,0.000000000000000,0.000000000000000,4347.701223742671573,1147.832814263293358,0.000000000000000,336.785194999613168,8288.020384925235703,0.000000000000000
135.000000000000000,150,PAIGE MOUNTAIN,2019.000000000000000,6/22/2019 0:00:00,135.000000000000000,,,30.000000000000000,135,30.224845197205489,0.494440364968163,0.177985656080900,0.000000000000000,3814.027473013527924,62.392681366975687,22.459740576525835,437.368999446241105,12618.848659533126920,0.000000000000000
136.000000000000000,171,PAIGE MOUNTAIN,2019.000000000000000,6/22/2019 0:00:00,136.000000000000000,,,30.000000000000000,136,39.989056235783096,58.878226743245698,0.705859753253850,0.000000000000000,3711.239508254178418,5464.275025074296536,65.508287770446159,348.288137407542820,9280.637898459024655,0.000000000000000
233.000000000000000,269,PAIGE MOUNTAN,2019.000000000000000,6/22/2019 0:00:00,233.000000000000000,,,30.000000000000000,137,0.000000000000000,0.000000000000000,0.000000000000000,0.000000000000000,0.000000000000000,0.000000000000000,0.000000000000000,575.947581121131407,19034.125125125345221,0.000000000000000
137.000000000000000,172,PAIGE MOUNTAIN,2019.000000000000000,6/22/2019 0:00:00,137.000000000000000,,,30.000000000000000,138,91.748614511220012,0.000000000000000,0.000000000000000,0.000000000000000,3719.166117743701761,0.000000000000000,0.000000000000000,226.512960020073564,4053.648262218588570,0.000000000000000
138.000000000000000,173,PAIGE MOUNTAIN,2019.000000000000000,6/22/2019 0:00:00,138.000000000000000,,,30.000000000000000,139,63.973557251902136,36.026442657259430,0.000000000000000,0.000000000000000,3941.837019473312012,2219.829120759035050,0.000000000000000,288.510939996250670,6161.666145829508423,0.000000000000000
139.000000000000000,174,PAIGE MOUNTAIN,2019.000000000000000,6/22/2019 0:00:00,139.000000000000000,,,30.000000000000000,140,33.544448824536900,40.718503201924676,0.000000000000000,0.000000000000000,2672.678144486715610,3244.276099251091637,0.000000000000000,328.319301465186413,7967.572096554231393,0.000000000000000
140.000000000000000,175,PAIGE MOUNTAIN,2019.000000000000000,6/22/2019 0:00:00,140.000000000000000,,,30.000000000000000,141,52.031453428265415,36.257334609246954,0.000000000000000,0.000000000000000,2971.885796314761592,2070.913853790550093,0.000000000000000,275.522147243870222,5711.710130127410594,0.000000000000000
141.000000000000000,176,PAIGE MOUNTAIN,2019.000000000000000,6/22/2019 0:00:00,141.000000000000000,,,30.000000000000000,142,54.715199684573420,16.403046418787060,0.000000000000000,0.000000000000000,3375.694699541641967,1011.998076794859230,0.000000000000000,283.783512036982472,6169.573937410660619,0.000000000000000
142.000000000000000,177,PAIGE MOUNTAIN,2019.000000000000000,6/22/2019 0:00:00,142.000000000000000,,,30.000000000000000,143,17.796901257670584,74.479821423550391,7.723277408127567,0.000000000000000,878.163026459496791,3675.101886811767599,381.094245830259183,251.196272890587238,4934.359154692745506,0.000000000000000
143.000000000000000,178,PAIGE MOUNTAIN,2019.000000000000000,6/22/2019 0:00:00,143.000000000000000,,,30.000000000000000,144,49.412731714655806,50.587268707985068,0.000000000000000,0.000000000000000,4876.706884707941754,4992.625848160312671,0.000000000000000,361.876936108073664,9869.332691156419969,0.000000000000000
144.000000000000000,179,PAIGE MOUNTAIN,2019.000000000000000,6/22/2019 0:00:00,144.000000000000000,,,30.000000000000000,145,11.299589014534646,86.329060192627281,2.371351816088381,0.000000000000000,734.550995183073724,5611.982612477821931,154.154176244492874,288.372466533277418,6500.687717387081648,0.000000000000000
145.000000000000000,180,PAIGE MOUNTAIN,2019.000000000000000,6/22/2019 0:00:00,145.000000000000000,,,30.000000000000000,146,0.000000000000000,47.818429149634362,0.000000000000000,0.000000000000000,0.000000000000000,2043.098983706307308,0.000000000000000,232.525224485819592,4272.618360826956632,0.000000000000000
146.000000000000000,181,PAIGE MOUNTAIN,2019.000000000000000,6/22/2019 0:00:00,146.000000000000000,,,30.000000000000000,147,76.997599382439816,23.002400285172403,0.000000000000000,0.000000000000000,4748.671473372032779,1418.626592638863940,0.000000000000000,284.734292739001773,6167.298086510241774,0.000000000000000
147.000000000000000,182,PAIGE MOUNTAIN,2019.000000000000000,6/22/2019 0:00:00,147.000000000000000,,,30.000000000000000,148,98.184618753812288,0.000000000000000,0.000000000000000,0.000000000000000,5049.013512975597223,0.000000000000000,0.000000000000000,256.904424998647357,5142.367080566328696,0.000000000000000
148.000000000000000,184,PAIGE MOUNTAIN,2019.000000000000000,6/22/2019 0:00:00,148.000000000000000,,,30.000000000000000,149,18.864619517913301,81.042367802207679,0.093012442721697,0.000000000000000,1799.999999989316620,7732.796407825141614,8.874941619632558,376.117753848786776,9541.671372062863156,0.000000000000000
149.000000000000000,185,PAIGE MOUNTAIN,2019.000000000000000,6/22/2019 0:00:00,149.000000000000000,,,30.000000000000000,150,0.000000000000000,87.604746377368443,12.395253113138828,0.000000000000000,0.000000000000000,6953.613099043601324,983.871285263485220,322.480097254806878,7937.484424747993216,0.000000000000000
150.000000000000000,186,PAIGE MOUNTAIN,2019.000000000000000,6/22/2019 0:00:00,150.000000000000000,,,30.000000000000000,151,30.913450534427689,69.038616483993792,0.047930993251246,0.000000000000000,2154.714192538716361,4812.095841764072247,3.340862622434168,300.074154419727790,6970.151035514636533,0.000000000000000
151.000000000000000,187,PAIGE MOUNTAIN,2019.000000000000000,6/22/2019 0:00:00,151.000000000000000,,,30.000000000000000,152,21.509013784540073,78.490986336875608,0.000000000000000,0.000000000000000,1618.232790806325283,5905.277161724565303,0.000000000000000,312.298045525848579,7523.509943396169547,0.000000000000000
152.000000000000000,188,PAIGE MOUNTAIN,2019.000000000000000,6/22/2019 0:00:00,152.000000000000000,,,30.000000000000000,153,0.000000000000000,86.059860555021046,13.940138521015166,0.000000000000000,0.000000000000000,5495.666700498654791,890.198456936866251,290.041207835447324,6385.865216438603056,0.000000000000000
153.000000000000000,189,PAIGE MOUNTAIN,2019.000000000000000,6/22/2019 0:00:00,153.000000000000000,,,30.000000000000000,154,32.416533499533514,59.114809548390802,8.468656725408026,0.000000000000000,2114.897636478372078,3856.728573293005411,552.506395940511084,288.847828738107864,6524.132620499987752,0.000000000000000
154.000000000000000,190,PAIGE MOUNTAIN,2019.000000000000000,6/22/2019 0:00:00,154.000000000000000,,,30.000000000000000,155,16.017792514486100,83.982207680075845,0.000000000000000,0.000000000000000,872.697111397339654,4575.601162575370836,0.000000000000000,266.010902320106879,5448.298263372395013,0.000000000000000
155.000000000000000,191,PAIGE MOUNTAIN,2019.000000000000000,6/22/2019 0:00:00,155.000000000000000,,,30.000000000000000,156,43.017103398843204,7.950431316386338,0.000000000000000,0.000000000000000,2462.101970573076869,455.046273792277304,0.000000000000000,272.028787489865636,5723.541977583005973,0.000000000000000
156.000000000000000,192,PAIGE MOUNTAIN,2019.000000000000000,6/22/2019 0:00:00,156.000000000000000,,,30.000000000000000,157,15.678000326512038,49.461217901361600,16.563827086990919,0.000000000000000,1017.240601127225659,3209.207678442456199,1074.715976019285790,292.170215006861440,6488.331291886994222,0.000000000000000
157.000000000000000,193,PAIGE MOUNTAIN,2019.000000000000000,6/22/2019 0:00:00,157.000000000000000,,,30.000000000000000,158,0.503305675364184,94.421492758428428,5.075201809048487,0.000000000000000,47.477438024413338,8906.894537533529729,478.749974706994294,366.761665516955020,9433.121927357440654,0.000000000000000
158.000000000000000,194,PAIGE MOUNTAIN,2019.000000000000000,6/22/2019 0:00:00,158.000000000000000,,,30.000000000000000,159,0.000000000000000,79.642467846259137,20.357533572125337,0.000000000000000,0.000000000000000,5845.257370040546448,1494.115217248416457,308.961900246588414,7339.372483188442857,0.000000000000000
159.000000000000000,195,PAIGE MOUNTAIN,2019.000000000000000,6/22/2019 0:00:00,159.000000000000000,,,30.000000000000000,160,54.147846337292236,1.421604848489006,0.000000000000000,0.000000000000000,4731.035797912851194,124.209250849851870,0.000000000000000,350.006032151334750,8737.255713630354876,0.000000000000000
160.000000000000000,196,PAIGE MOUNTAIN,2019.000000000000000,6/22/2019 0:00:00,160.000000000000000,,,30.000000000000000,161,41.709420122181697,36.106328145754304,22.184249018656963,0.000000000000000,2287.129241917745276,1979.884608285771492,1216.469672604535390,266.111706465607369,5483.483671597284228,0.000000000000000
161.000000000000000,197,PAIGE MOUNTAIN,2019.000000000000000,6/22/2019 0:00:00,161.000000000000000,,,30.000000000000000,162,37.226207930258205,25.347129631662952,35.120481480704299,2.306180277754218,2610.588499943052739,1777.536010300958878,2462.918738265201682,303.057760925242633,7012.770424626340173,161.727128456913391
162.000000000000000,198,PAIGE MOUNTAIN,2019.000000000000000,6/22/2019 0:00:00,162.000000000000000,,,30.000000000000000,163,85.475964537141508,14.524034690547575,0.000000000000000,0.000000000000000,5522.445098217636769,938.371208999985583,0.000000000000000,292.885546518263425,6460.816357115212668,0.000000000000000
163.000000000000000,199,PAIGE MOUNTAIN,2019.000000000000000,6/22/2019 0:00:00,163.000000000000000,,,30.000000000000000,164,30.602720075628554,69.181010840265273,0.216272485494019,0.000000000000000,1731.995327632968156,3915.377039692904873,12.240184318436496,271.409636684135080,5659.612359138943248,0.000000000000000
164.000000000000000,200,PAIGE MOUNTAIN,2019.000000000000000,6/22/2019 0:00:00,164.000000000000000,,,30.000000000000000,165,1.505915993869568,86.182032210667614,12.312052607782215,0.000000000000000,103.460664650028491,5920.948027448944231,845.872645747059664,296.239313790067570,6870.281282037404708,0.000000000000000
165.000000000000000,201,PAIGE MOUNTAIN,2019.000000000000000,6/22/2019 0:00:00,165.000000000000000,,,30.000000000000000,166,0.000000000000000,73.500934289624041,26.499065653953906,0.000000000000000,0.000000000000000,4748.633812409852908,1712.010335348864601,293.132959879909208,6460.644151403945216,0.000000000000000
166.000000000000000,202,PAIGE MOUNTAIN,2019.000000000000000,6/22/2019 0:00:00,166.000000000000000,,,30.000000000000000,167,54.578044073316356,44.198580345336616,1.223375906276555,0.000000000000000,5979.429935335196205,4842.282623049024551,134.029913316997408,389.645255681884521,10955.742436102776992,0.000000000000000
167.000000000000000,203,PAIGE MOUNTAIN,2019.000000000000000,6/22/2019 0:00:00,167.000000000000000,,,30.000000000000000,168,85.458890366621972,14.541108919857008,0.000000000000000,0.000000000000000,4506.928216392341710,766.868535355269159,0.000000000000000,258.503627365599584,5273.796789377259302,0.000000000000000
168.000000000000000,204,PAIGE MOUNTAIN,2019.000000000000000,6/22/2019 0:00:00,168.000000000000000,,,30.000000000000000,169,72.296054445573802,16.637094801013632,11.066853421156031,0.000000000000000,4214.936525339648142,969.960243198637727,645.209272665452204,273.665036620000308,5830.105885671469878,0.000000000000000
169.000000000000000,205,PAIGE MOUNTAIN,2019.000000000000000,6/22/2019 0:00:00,169.000000000000000,,,30.000000000000000,170,48.785524149325283,30.058812887265763,21.155663044419377,0.000000000000000,3921.894348718061792,2416.444026119409045,1700.715053984705719,335.312071704105506,8039.053422309705638,0.000000000000000
170.000000000000000,206,PAIGE MOUNTAIN,2019.000000000000000,6/22/2019 0:00:00,170.000000000000000,,,30.000000000000000,171,33.746925790409676,47.511484292184768,18.177962014302267,0.563629020707097,2115.850838265544553,2978.855451640208230,1139.714367015051494,284.036692940549869,6269.758766787684181,35.338179937942762
171.000000000000000,207,PAIGE MOUNTAIN,2019.000000000000000,6/22/2019 0:00:00,171.000000000000000,,,30.000000000000000,172,29.153768128061557,39.421059046710802,22.584983082159198,8.840190031318198,2078.311652993374082,2810.245524017153457,1610.036593421676571,303.111268326116146,7128.792559041189634,630.198809157712617
172.000000000000000,208,PAIGE MOUNTAIN,2019.000000000000000,6/22/2019 0:00:00,172.000000000000000,,,30.000000000000000,173,38.934585622508045,34.239096959734489,26.826317155282087,0.000000000000000,4298.539184282777569,3780.137827659131744,2961.736297388881212,392.460818533360396,11040.413338309157552,0.000000000000000
173.000000000000000,209,PAIGE MOUNTAIN,2019.000000000000000,6/22/2019 0:00:00,173.000000000000000,,,30.000000000000000,174,31.640673172399492,18.465843015859640,0.000000000000000,0.000000000000000,3927.366309295559404,2292.053943924609939,0.000000000000000,413.358462730533290,12412.398079827973561,0.000000000000000
174.000000000000000,210,PAIGE MOUNTAIN,2019.000000000000000,6/22/2019 0:00:00,174.000000000000000,,,30.000000000000000,175,55.410253451648174,2.685013443101257,0.000000000000000,0.000000000000000,5404.924968747131061,261.906331338176187,0.000000000000000,366.852966439970771,9754.376910518105433,0.000000000000000
175.000000000000000,211,PAIGE MOUNTAIN,2019.000000000000000,6/22/2019 0:00:00,175.000000000000000,,,30.000000000000000,176,86.365351466020883,11.995081307356452,0.000000000000000,0.000000000000000,7527.801441193042592,1045.518704202476783,0.000000000000000,339.149727880112209,8716.228572467212871,0.000000000000000
176.000000000000000,212,PAIGE MOUNTAIN,2019.000000000000000,6/22/2019 0:00:00,176.000000000000000,,,30.000000000000000,177,51.851780144528824,26.243634729996423,0.000000000000000,0.000000000000000,6119.390027045903480,3097.194275539659429,0.000000000000000,416.072521122766886,11801.697087330559953,0.000000000000000
177.000000000000000,213,PAIGE MOUNTAIN,2019.000000000000000,6/22/2019 0:00:00,177.000000000000000,,,30.000000000000000,178,58.905017234175915,39.904486486677563,1.190494644594289,0.000000000000000,5047.462489778552481,3419.341987706286091,102.011294538516751,336.428273690641163,8568.815912085126911,0.000000000000000
179.000000000000000,215,PAIGE MOUNTAIN,2019.000000000000000,6/22/2019 0:00:00,179.000000000000000,,,30.000000000000000,179,16.233445184401514,44.605983805696646,39.160570012704014,0.000000000000000,1066.424371870361028,2930.302700461749737,2572.576911647287488,294.558386461908412,6569.304049488355304,0.000000000000000
180.000000000000000,216,PAIGE MOUNTAIN,2019.000000000000000,6/22/2019 0:00:00,180.000000000000000,,,30.000000000000000,180,16.647385482153645,20.662122649889987,62.690491219896550,0.000000000000000,1006.369108405346196,1249.068327949936247,3789.770701356922928,282.318482190191332,6045.208176888770140,0.000000000000000
178.000000000000000,214,PAIGE MOUNTAIN,2019.000000000000000,6/22/2019 0:00:00,178.000000000000000,,,30.000000000000000,181,70.371456081421798,15.431499413766883,0.000000000000000,0.000000000000000,9137.044631522468990,2003.629123600366256,0.000000000000000,442.517747448282876,12984.020994180717025,0.000000000000000
181.000000000000000,217,PAIGE MOUNTAIN,2019.000000000000000,6/22/2019 0:00:00,181.000000000000000,,,30.000000000000000,182,99.999999991412764,0.000000000000000,0.000000000000000,0.000000000000000,4911.559356886223213,0.000000000000000,0.000000000000000,249.933651040301527,4911.559357307990467,0.000000000000000
182.000000000000000,218,PAIGE MOUNTAIN,2019.000000000000000,6/22/2019 0:00:00,182.000000000000000,,,30.000000000000000,183,89.724329663684856,0.000000000000000,0.000000000000000,0.000000000000000,6271.699573907959348,0.000000000000000,0.000000000000000,299.546831571508221,6989.965372175274751,0.000000000000000
183.000000000000000,219,PAIGE MOUNTAIN,2019.000000000000000,6/22/2019 0:00:00,183.000000000000000,,,30.000000000000000,184,82.720156990642707,0.000000000000000,0.000000000000000,0.000000000000000,4196.737583973992514,0.000000000000000,0.000000000000000,254.942902077488611,5073.415883928661970,0.000000000000000
184.000000000000000,220,PAIGE MOUNTAIN,2019.000000000000000,6/22/2019 0:00:00,184.000000000000000,,,30.000000000000000,185,49.656919774139723,6.094432513470665,14.543076870657973,0.000000000000000,3377.456534795720472,414.517876100976991,989.159421008231902,300.565620265885798,6801.582841138343611,0.000000000000000
185.000000000000000,221,SUNSHINE MOUNTAIN,2019.000000000000000,6/14/2019 0:00:00,185.000000000000000,,,30.000000000000000,186,0.000000000000000,83.888442358196130,5.527546907918000,0.000000000000000,0.000000000000000,7133.363755390195365,470.029024985335013,336.160530173653797,8503.392785541745980,0.000000000000000
186.000000000000000,222,SUNSHINE MOUNTAIN,2019.000000000000000,6/14/2019 0:00:00,186.000000000000000,,,30.000000000000000,187,0.000000000000000,99.999999984039476,0.000000000000000,0.000000000000000,0.000000000000000,7498.924844263156047,0.000000000000000,314.240029886586512,7498.924845460023789,0.000000000000000
187.000000000000000,223,SUNSHINE MOUNTAIN,2019.000000000000000,6/14/2019 0:00:00,187.000000000000000,,,30.000000000000000,188,10.188476912676574,89.811523634263779,0.000000000000000,0.000000000000000,1156.345534399362123,10193.197195438395283,0.000000000000000,416.757156699680138,11349.542667762529163,0.000000000000000
188.000000000000000,224,SUNSHINE MOUNTAIN,2019.000000000000000,6/14/2019 0:00:00,188.000000000000000,,,30.000000000000000,189,5.143858172894387,94.856142071007895,0.000000000000000,0.000000000000000,727.998511821178226,13424.773378993751976,0.000000000000000,480.194252789228472,14152.771856295996258,0.000000000000000
189.000000000000000,225,SUNSHINE MOUNTAIN,2019.000000000000000,6/14/2019 0:00:00,189.000000000000000,,,30.000000000000000,190,0.000000000000000,84.008938515505633,15.991061954075505,0.000000000000000,0.000000000000000,5735.954420091984503,1091.836227409474304,298.240109478667875,6827.790615439441353,0.000000000000000
190.000000000000000,226,SUNSHINE MOUNTAIN,2019.000000000000000,6/14/2019 0:00:00,190.000000000000000,,,30.000000000000000,191,0.000000000000000,99.999999983663642,0.000000000000000,0.000000000000000,0.000000000000000,8641.859598173074119,0.000000000000000,345.747231857790041,8641.859599584839088,0.000000000000000
191.000000000000000,227,SUNSHINE MOUNTAIN,2019.000000000000000,6/14/2019 0:00:00,191.000000000000000,,,30.000000000000000,193,2.737830639061388,91.248324572296909,6.013844387471979,0.000000000000000,167.862099794641267,5594.624863537907004,368.721327139998209,281.620634224125865,6131.208315069097807,0.000000000000000
192.000000000000000,228,SUNSHINE MOUNTAIN,2019.000000000000000,6/14/2019 0:00:00,192.000000000000000,,,30.000000000000000,194,24.318781756912436,48.851510830527836,10.320391488684265,0.000000000000000,3621.531579576945660,7274.924005291271897,1536.903618917647691,478.063783076567063,14891.912003558943979,0.000000000000000
193.000000000000000,229,MUNSON CREEK,2021.000000000000000,6/19/2021 0:00:00,193.000000000000000,,,30.000000000000000,195,0.000000000000000,5.401835284219276,3.533482647776968,0.000000000000000,0.000000000000000,627.937499254830982,410.750446980000959,415.287987392674154,11624.521411996116512,0.000000000000000
194.000000000000000,230,MUNSON CREEK,2021.000000000000000,6/19/2021 0:00:00,194.000000000000000,,,30.000000000000000,196,7.530623649866866,18.841497884107358,2.987040916569931,0.000000000000000,2051.391558146614443,5132.548311981896404,813.689649754095967,742.397416369958819,27240.659652177426324,0.000000000000000
234.000000000000000,270,MUNSON CREEK,2021.000000000000000,6/19/2021 0:00:00,234.000000000000000,,,30.000000000000000,197,2.417760479667638,0.875243750254839,0.434466042145445,0.000000000000000,1308.348706609388501,473.630054856089714,235.107277617853384,1310.341093692213235,54114.074475617337157,0.000000000000000
235.000000000000000,271,MUNSON CREEK,2021.000000000000000,6/19/2021 0:00:00,235.000000000000000,,,30.000000000000000,198,0.000000000000000,0.000000000000000,0.000000000000000,0.000000000000000,0.000000000000000,0.000000000000000,0.000000000000000,1400.639865546541614,50668.668619040188787,0.000000000000000
195.000000000000000,231,MUNSON CREEK,2021.000000000000000,6/19/2021 0:00:00,195.000000000000000,,,30.000000000000000,199,0.000000000000000,58.821650781796407,33.272012876170912,7.906336394972813,0.000000000000000,8290.045331505809372,4689.200172859856139,442.302830382929017,14093.527164442208232,1114.281667537674139
197.000000000000000,233,MUNSON CREEK,2021.000000000000000,6/19/2021 0:00:00,197.000000000000000,,,30.000000000000000,200,0.000000000000000,78.959605981662349,21.040395005858382,0.000000000000000,0.000000000000000,6390.869388611322393,1702.977297004995989,338.668001383687908,8093.846605687905139,0.000000000000000
196.000000000000000,232,MUNSON CREEK,2021.000000000000000,6/19/2021 0:00:00,196.000000000000000,,,30.000000000000000,201,0.000000000000000,53.503527280473136,46.451215496380591,0.045256573314204,0.000000000000000,3257.570251927646495,2828.189195333960015,280.045663678841720,6088.514940054320505,2.755453227591940
198.000000000000000,234,MUNSON CREEK,2021.000000000000000,6/19/2021 0:00:00,198.000000000000000,,,30.000000000000000,202,1.039785591238865,90.443549516402854,8.516663496444753,0.000000000000000,73.666246990195660,6407.702620120986467,603.384622702811726,311.355508861212854,7084.753588711027987,0.000000000000000
199.000000000000000,235,MUNSON CREEK,2021.000000000000000,6/19/2021 0:00:00,199.000000000000000,,,30.000000000000000,203,0.000000000000000,71.744333386516317,28.255665560552519,0.000000000000000,0.000000000000000,4367.880023614816309,1720.238398355146273,287.861490025042713,6088.118486073659369,0.000000000000000
200.000000000000000,236,MUNSON CREEK,2021.000000000000000,6/19/2021 0:00:00,200.000000000000000,,,30.000000000000000,204,0.000000000000000,78.369558141408945,21.630442168971587,0.000000000000000,0.000000000000000,4901.609255968712205,1352.871932170638047,286.077525777463393,6254.481168726658325,0.000000000000000
201.000000000000000,237,MUNSON CREEK,2021.000000000000000,6/19/2021 0:00:00,201.000000000000000,,,30.000000000000000,205,0.000000000000000,86.710930783981311,13.289069282297067,0.000000000000000,0.000000000000000,6677.917670293432820,1023.438565122626983,323.314060444295080,7701.356230311725994,0.000000000000000
203.000000000000000,239,MUNSON CREEK,2021.000000000000000,6/19/2021 0:00:00,203.000000000000000,,,30.000000000000000,206,0.000000000000000,56.216287993309244,35.037255440588453,8.746456279777831,0.000000000000000,3965.210040511031821,2471.349176977076695,304.456534162423850,7053.489623831021163,616.930386147046079
202.000000000000000,238,MUNSON CREEK,2021.000000000000000,6/19/2021 0:00:00,202.000000000000000,,,30.000000000000000,207,0.000000000000000,59.775983011425495,33.386201137419839,6.837815668186200,0.000000000000000,5295.551438680763567,2957.681941115983136,365.093224742445955,8858.995154740625367,605.761758734710725
204.000000000000000,240,MUNSON CREEK,2021.000000000000000,6/19/2021 0:00:00,204.000000000000000,,,30.000000000000000,208,38.816144401398958,43.663925619468117,17.519930309891389,0.000000000000000,4092.595195151545795,4603.722882514040975,1847.220627174584706,369.073605226963991,10543.538669966525049,0.000000000000000
205.000000000000000,241,MUNSON CREEK,2021.000000000000000,6/19/2021 0:00:00,205.000000000000000,,,30.000000000000000,209,7.028453367028496,84.345209149693034,8.626335233587390,0.000000000000000,686.147326697076892,8234.135841216439076,842.139308697044385,361.243586838861575,9762.422696234913019,0.000000000000000
206.000000000000000,242,MUNSON CREEK,2021.000000000000000,6/19/2021 0:00:00,206.000000000000000,,,30.000000000000000,210,18.466817720880147,65.328921768516906,16.204261168932980,0.000000000000000,1476.985143976802192,5225.039223462015798,1296.024760593862084,337.310036519653409,7998.049075379120950,0.000000000000000
207.000000000000000,243,MUNSON CREEK,2021.000000000000000,6/19/2021 0:00:00,207.000000000000000,,,30.000000000000000,211,0.000000000000000,78.514825984860281,20.288109669071357,1.197064789782459,0.000000000000000,10260.074540914558384,2651.187401715183569,432.786048083197670,13067.690607749636911,156.428723103080301
208.000000000000000,244,MUNSON CREEK,2021.000000000000000,6/19/2021 0:00:00,208.000000000000000,,,30.000000000000000,212,0.000000000000000,87.555414713693409,12.444584610689221,0.000000000000000,0.000000000000000,5221.904311295362277,742.209151122604226,277.690069880258193,5964.113502712552872,0.000000000000000
209.000000000000000,245,MUNSON CREEK,2021.000000000000000,6/19/2021 0:00:00,209.000000000000000,,,30.000000000000000,214,0.000000000000000,70.381093073479377,29.618907254245208,0.000000000000000,0.000000000000000,7167.503463646189630,3016.344462177912646,364.785294637337074,10183.847892449128267,0.000000000000000
210.000000000000000,246,MUNSON CREEK,2021.000000000000000,6/19/2021 0:00:00,210.000000000000000,,,30.000000000000000,215,37.916952364284171,26.002666281682206,27.531440488457488,0.000000000000000,4209.267302688266682,2886.628965077318753,3056.342480550514665,412.640373098319685,11101.280667939920022,0.000000000000000
211.000000000000000,247,MUNSON CREEK,2021.000000000000000,6/19/2021 0:00:00,211.000000000000000,,,30.000000000000000,216,15.543628547114672,45.479817498131190,8.062336796017387,0.000000000000000,2196.625921573490814,6427.208789891676133,1139.369609927729016,460.139928222255492,14132.002157123379220,0.000000000000000
212.000000000000000,248,MUNSON CREEK,2021.000000000000000,6/19/2021 0:00:00,212.000000000000000,,,30.000000000000000,217,0.000000000000000,12.253274787896906,87.746724678341337,0.000000000000000,0.000000000000000,1365.372259352415540,9777.544844026497231,387.163754686202367,11142.917162855543211,0.000000000000000
213.000000000000000,249,MUNSON CREEK,2021.000000000000000,6/19/2021 0:00:00,213.000000000000000,,,30.000000000000000,219,0.000000000000000,61.919054386185380,38.080945705516314,0.000000000000000,0.000000000000000,3779.529216980556157,2324.454860156271934,286.542206039250573,6103.984071539371143,0.000000000000000
214.000000000000000,250,MUNSON CREEK,2021.000000000000000,6/19/2021 0:00:00,214.000000000000000,,,30.000000000000000,220,45.446022137966693,50.694198378459667,3.859778710233428,0.000000000000000,5336.604992068640058,5952.884309964599197,453.243504366112745,417.952684230090370,11742.732897210627925,0.000000000000000
215.000000000000000,251,MUNSON CREEK,2021.000000000000000,6/19/2021 0:00:00,215.000000000000000,,,30.000000000000000,221,0.000000000000000,86.450313537547402,13.549686339419544,0.000000000000000,0.000000000000000,4950.813220098516467,775.959779813306000,271.640225453991036,5726.773006957645521,0.000000000000000
216.000000000000000,252,MUNSON CREEK,2021.000000000000000,6/19/2021 0:00:00,216.000000000000000,,,30.000000000000000,222,4.841430110309997,81.326713717951122,13.831857514107373,0.000000000000000,273.338253044102430,4591.556905085474682,780.921273904120767,270.344408044405895,5645.816356246038595,0.000000000000000
217.000000000000000,253,MUNSON CREEK,2021.000000000000000,6/19/2021 0:00:00,217.000000000000000,,,30.000000000000000,223,10.681215865031314,86.513319994382755,2.805463654751646,0.000000000000000,899.999999929447426,7289.618426657691089,236.388564839771277,331.732548017142904,8426.007032363340841,0.000000000000000
218.000000000000000,254,MUNSON CREEK,2021.000000000000000,6/19/2021 0:00:00,218.000000000000000,,,30.000000000000000,224,36.215248906622158,63.784751326871394,0.000000000000000,0.000000000000000,2460.033714973174028,4332.778139116729108,0.000000000000000,297.301061200383572,6792.811838229125897,0.000000000000000
219.000000000000000,255,MUNSON CREEK,2021.000000000000000,6/19/2021 0:00:00,219.000000000000000,,,30.000000000000000,225,54.031852141343471,45.968148080008994,0.000000000000000,0.000000000000000,5357.323483109806148,4557.797473606608946,0.000000000000000,369.223778772986634,9915.120934769051019,0.000000000000000
220.000000000000000,256,MUNSON CREEK,2021.000000000000000,6/19/2021 0:00:00,220.000000000000000,,,30.000000000000000,226,66.980546800126689,30.627858244306104,2.391594779647734,0.000000000000000,5627.973877191213433,2573.475349904791983,200.951374506528623,335.483510326003625,8402.400616383993111,0.000000000000000
221.000000000000000,257,MUNSON CREEK,2021.000000000000000,6/19/2021 0:00:00,221.000000000000000,,,30.000000000000000,227,52.111956340026374,39.140057057561812,8.747986163332179,0.000000000000000,3299.732315517545430,2478.350846422510585,553.923027769272380,287.779700168907823,6332.006217511878276,0.000000000000000
222.000000000000000,258,MUNSON CREEK,2021.000000000000000,6/19/2021 0:00:00,222.000000000000000,,,30.000000000000000,228,36.328517906009807,61.627172595946078,2.044309982974150,0.000000000000000,1795.078078974665004,3045.144502794876189,101.014196245503612,253.670175332932928,4941.236754053503319,0.000000000000000
223.000000000000000,259,MUNSON CREEK,2021.000000000000000,6/19/2021 0:00:00,223.000000000000000,,,30.000000000000000,229,46.909457057377914,53.086446285077507,0.004097059142678,0.000000000000000,3914.651535863906247,4430.128837970643872,0.341904593902910,336.365806994176012,8345.122244914600742,0.000000000000000
224.000000000000000,260,MUNSON CREEK,2021.000000000000000,6/19/2021 0:00:00,224.000000000000000,,,30.000000000000000,230,50.049981070883277,48.071033659006481,1.878986475381530,0.000000000000000,4755.512450417691070,4567.482228336813023,178.532406739342406,350.842002624629629,9501.526970974669894,0.000000000000000
225.000000000000000,261,MUNSON CREEK,2021.000000000000000,6/19/2021 0:00:00,225.000000000000000,,,30.000000000000000,231,11.928548595602164,87.881172505260821,0.190278507724863,0.000000000000000,869.916252116096643,6408.932285821436381,13.876488406920084,309.953084172475769,7292.725054889065177,0.000000000000000
226.000000000000000,262,MUNSON CREEK,2021.000000000000000,6/19/2021 0:00:00,226.000000000000000,,,30.000000000000000,232,26.709558058918141,41.406470872779963,31.883971394713541,0.000000000000000,2147.296159680087840,3328.844142418849515,2563.289485366770350,322.368944820018271,8039.429761224072536,0.000000000000000
227.000000000000000,263,MUNSON CREEK,2021.000000000000000,6/19/2021 0:00:00,227.000000000000000,,,30.000000000000000,233,41.560961008295180,23.306663535082691,23.293753008927386,1.994808775052795,6751.236035321992858,3785.975658497645782,3783.878449787835962,541.577298525329184,16244.176918754377766,324.040266610413084
228.000000000000000,264,MUNSON CREEK,2021.000000000000000,6/19/2021 0:00:00,228.000000000000000,,,30.000000000000000,234,35.148023049240912,55.132978267049438,9.718995909406896,0.000000000000000,2569.935421210976529,4031.185296733363430,710.628640797161438,314.172475262415674,7311.749561591570455,0.000000000000000
229.000000000000000,265,MUNSON CREEK,2021.000000000000000,6/19/2021 0:00:00,229.000000000000000,,,30.000000000000000,235,84.241682588823465,15.758317407543105,0.000000000000000,0.000000000000000,9622.539306850461799,1800.000000047804861,0.000000000000000,391.346751578119040,11422.539307313296376,0.000000000000000
230.000000000000000,266,MUNSON CREEK,2021.000000000000000,6/19/2021 0:00:00,230.000000000000000,,,30.000000000000000,236,40.114632750913884,59.885368604346048,0.000000000000000,0.000000000000000,3168.122211889882237,4729.550127523464653,0.000000000000000,327.451742025384590,7897.672232379360139,0.000000000000000
231.000000000000000,267,MUNSON CREEK,2021.000000000000000,6/19/2021 0:00:00,231.000000000000000,,,30.000000000000000,237,51.089780340327842,48.910218627442404,0.000000000000000,0.000000000000000,4740.647125813973616,4538.404467871509951,0.000000000000000,351.803160346991433,9279.051689466616153,0.000000000000000
232.000000000000000,268,MUNSON CREEK,2021.000000000000000,6/19/2021 0:00:00,232.000000000000000,,,30.000000000000000,238,49.954241761277736,50.045757921141465,0.000000000000000,0.000000000000000,6040.018903294644588,6051.084216590267715,0.000000000000000,415.609671476753078,12091.103158283935045,0.000000000000000
