Control_Points_YK_Ref_Num,Beaver_Ponds_2020_OBJECTID,Beaver_Ponds_2020_Fire_Name,Beaver_Ponds_2020_Fire_Year,Beaver_Ponds_2020_Ig_Date,Beaver_Ponds_2020_Dam_Num,Beaver_Ponds_2020_Confidence,Beaver_Ponds_2020_Notes,BUFF_DIST,ORIG_FID,Unburned_Area_sq_m,Mild_burn_Area_sq_m,Moderate_burn_Area_sq_m,Shape_Length,Shape_Area,Severe_burn_Area_sq_m,Percent_Unburned,Percent_Mild_Burn,Percent_Moderate_Burn,Percent_Severe_Burn
1.000000000000000,2,CHALKYITSIK COMPLEX,2019.000000000000000,7/9/2019 0:00:00,1.000000000000000,Y,,30.000000000000000,1,0.000000000000000,2827.308481367176682,0.000000000000000,188.495559215387573,2827.433388230813762,0.000000000000000,0.000000000000000,99.995582323383573,0.000000000000000,0.000000000000000
2.000000000000000,3,LITTLE MUD RIVER,2019.000000000000000,6/21/2019 0:00:00,2.000000000000000,M,Poor imagery,30.000000000000000,2,0.000000000000000,739.027215346463436,686.738107117284130,188.495559215387573,2827.433388230813762,1401.543161656208895,0.000000000000000,26.137740978184059,24.288392079397177,49.569449363162001
3.000000000000000,6,LITTLE MUD RIVER,2019.000000000000000,6/21/2019 0:00:00,3.000000000000000,M,Poor imagery,30.000000000000000,3,0.000000000000000,345.215903232443793,953.985950033800123,188.495559215387573,2827.433388230813762,1528.106654076549376,0.000000000000000,12.209514985194854,33.740351019577147,54.045717237311074
4.000000000000000,7,LITTLE MUD RIVER,2019.000000000000000,6/21/2019 0:00:00,4.000000000000000,M,Poor imagery,30.000000000000000,4,0.000000000000000,0.000000000000000,859.423981568877593,188.495559215387573,2827.433388230813762,1967.884516443996517,0.000000000000000,0.000000000000000,30.395905528534406,69.599677383570281
5.000000000000000,8,LITTLE MUD RIVER,2019.000000000000000,6/21/2019 0:00:00,5.000000000000000,M,Poor imagery,30.000000000000000,5,0.000000000000000,0.000000000000000,2827.308481389098233,188.495559215387573,2827.433388230813762,0.000000000000000,0.000000000000000,0.000000000000000,99.995582324158889,0.000000000000000
6.000000000000000,9,VICTORIA MOUNTAIN,2019.000000000000000,6/22/2019 0:00:00,6.000000000000000,Y,,30.000000000000000,6,1087.568522330526775,1716.897775896093663,22.842183271569269,188.495559215387573,2827.433388230813762,0.000000000000000,38.464868062233712,60.722837292743215,0.807876973040278,0.000000000000000
7.000000000000000,10,VICTORIA MOUNTAIN,2019.000000000000000,6/22/2019 0:00:00,7.000000000000000,Y,,30.000000000000000,7,0.000000000000000,2827.308481354242758,0.000000000000000,188.495559215387573,2827.433388230813762,0.000000000000000,0.000000000000000,99.995582322926126,0.000000000000000,0.000000000000000
8.000000000000000,11,HOG,2016.000000000000000,7/6/2016 0:00:00,8.000000000000000,Y,,30.000000000000000,8,0.000000000000000,2769.619176513378989,57.689305604858561,188.495559215387573,2827.433388230813762,0.000000000000000,0.000000000000000,97.955240538713085,2.040341811233827,0.000000000000000
9.000000000000000,12,HOG,2016.000000000000000,7/6/2016 0:00:00,9.000000000000000,M,Poor imagery,30.000000000000000,9,0.000000000000000,2549.807871058210367,277.500615306459110,188.495559215387573,2827.433388230813762,0.000000000000000,0.000000000000000,90.181005914119169,9.814576586014542,0.000000000000000
10.000000000000000,13,HOG,2016.000000000000000,7/6/2016 0:00:00,10.000000000000000,M,Poor imagery,30.000000000000000,10,0.000000000000000,1808.487091460734518,1018.821354620679472,188.495559215387573,2827.433388230813762,0.000000000000000,0.000000000000000,63.962146694191226,36.033434381213766,0.000000000000000
11.000000000000000,14,HOG,2016.000000000000000,7/6/2016 0:00:00,11.000000000000000,M,Poor imagery,30.000000000000000,11,0.000000000000000,2644.511055720206969,182.797421006832678,188.495559215387573,2827.433388230813762,0.000000000000000,0.000000000000000,93.530445906452812,6.465136252819486,0.000000000000000
12.000000000000000,15,HOG,2016.000000000000000,7/6/2016 0:00:00,12.000000000000000,M,Poor imagery,30.000000000000000,12,0.000000000000000,2615.433072706272014,211.875406101154681,188.495559215387573,2827.433388230813762,0.000000000000000,0.000000000000000,92.502022632717257,7.493559600133665,0.000000000000000
13.000000000000000,16,HOG,2016.000000000000000,7/6/2016 0:00:00,13.000000000000000,M,Poor imagery,30.000000000000000,13,0.000000000000000,2827.308481373676841,0.000000000000000,188.495559215387573,2827.433388230813762,0.000000000000000,0.000000000000000,99.995582323613462,0.000000000000000,0.000000000000000
14.000000000000000,17,HOG,2016.000000000000000,7/6/2016 0:00:00,14.000000000000000,M,Poor imagery,30.000000000000000,14,714.653406851009322,2112.655082193018643,0.000000000000000,188.495559215387573,2827.433388230813762,0.000000000000000,25.275693843955892,74.719888750940740,0.000000000000000,0.000000000000000
15.000000000000000,24,HOG,2016.000000000000000,7/6/2016 0:00:00,15.000000000000000,M,Poor imagery,30.000000000000000,15,0.000000000000000,0.000000000000000,2304.983294734308856,188.495559215387573,2827.433388230813762,522.325195337328978,0.000000000000000,0.000000000000000,81.522107800268529,18.473474830972382
16.000000000000000,25,HOG,2016.000000000000000,7/6/2016 0:00:00,16.000000000000000,M,Poor imagery,30.000000000000000,16,0.000000000000000,305.256511405571928,2389.865936344483998,188.495559215387573,2827.433388230813762,132.186055501542427,0.000000000000000,10.796240600263179,84.524217132481226,4.675125364642246
17.000000000000000,26,HOG,2016.000000000000000,7/6/2016 0:00:00,17.000000000000000,M,Poor imagery,30.000000000000000,17,0.000000000000000,1721.623846484369096,1105.684627505644585,188.495559215387573,2827.433388230813762,0.000000000000000,0.000000000000000,60.889987847304383,39.105594215165411,0.000000000000000
18.000000000000000,27,HOG,2016.000000000000000,7/6/2016 0:00:00,18.000000000000000,M,Poor imagery,30.000000000000000,18,0.000000000000000,1100.003358161028700,1727.305130600739631,188.495559215387573,2827.433388230813762,0.000000000000000,0.000000000000000,38.904660415336068,61.090922169577681,0.000000000000000
19.000000000000000,28,HOG,2016.000000000000000,7/6/2016 0:00:00,19.000000000000000,M,Poor imagery,30.000000000000000,19,0.000000000000000,2629.064949324593726,198.243527791087274,188.495559215387573,2827.433388230813762,0.000000000000000,0.000000000000000,92.984151643256098,7.011430529761571,0.000000000000000
20.000000000000000,29,HOG,2016.000000000000000,7/6/2016 0:00:00,20.000000000000000,M,Poor imagery,30.000000000000000,20,0.000000000000000,849.011239039860357,1978.297242286726259,188.495559215387573,2827.433388230813762,0.000000000000000,0.000000000000000,30.027630096393004,69.967952225554981,0.000000000000000
21.000000000000000,30,HOG,2016.000000000000000,7/6/2016 0:00:00,21.000000000000000,M,Poor imagery,30.000000000000000,21,0.000000000000000,2056.562779315226635,767.460715030541337,188.495559215387573,2827.433388230813762,3.284966706541439,0.000000000000000,72.736029357072226,27.143370316878023,0.116181930941861
22.000000000000000,31,HOGATZA RIVER,2016.000000000000000,6/26/2016 0:00:00,22.000000000000000,M,Not super confident its a pond,30.000000000000000,22,0.000000000000000,597.654463169425867,2229.653999195968936,188.495559215387573,2827.433388230813762,0.000000000000000,0.000000000000000,21.137702683188277,78.857878968144732,0.000000000000000
23.000000000000000,32,HOGATZA RIVER,2016.000000000000000,6/26/2016 0:00:00,23.000000000000000,M,Not super confident its a pond,30.000000000000000,23,618.874705985819560,1717.134060146418278,491.299717545411625,188.495559215387573,2827.433388230813762,0.000000000000000,21.888215247152573,60.731194138612977,17.376173019334278,0.000000000000000
24.000000000000000,33,HOGATZA RIVER,2016.000000000000000,6/26/2016 0:00:00,24.000000000000000,M,Not super confident its a pond,30.000000000000000,24,600.203241034215011,1858.760386325070158,368.344833961220900,188.495559215387573,2827.433388230813762,0.000000000000000,21.227847260082587,65.740200779341322,13.027533574953724,0.000000000000000
25.000000000000000,34,HOGATZA RIVER,2016.000000000000000,6/26/2016 0:00:00,25.000000000000000,Y,,30.000000000000000,25,0.000000000000000,1267.489288857879956,1559.819184640447702,188.495559215387573,2827.433388230813762,0.000000000000000,0.000000000000000,44.828263475058392,55.167318570021564,0.000000000000000
26.000000000000000,35,HOGATZA RIVER,2016.000000000000000,6/26/2016 0:00:00,26.000000000000000,M,Not super confident its a pond,30.000000000000000,26,0.000000000000000,1504.558462010116955,1322.750022286421199,188.495559215387573,2827.433388230813762,0.000000000000000,0.000000000000000,53.212870311033278,46.782712115955263,0.000000000000000
27.000000000000000,36,HOGATZA RIVER,2016.000000000000000,6/26/2016 0:00:00,27.000000000000000,Y,,30.000000000000000,27,1320.122581823761038,1507.185885137407922,0.000000000000000,188.495559215387573,2827.433388230813762,0.000000000000000,46.689785418774811,53.305796395100458,0.000000000000000,0.000000000000000
28.000000000000000,37,HOGATZA RIVER,2016.000000000000000,6/26/2016 0:00:00,28.000000000000000,M,Not super confident its a pond,30.000000000000000,28,0.000000000000000,2227.872791136727301,599.435701608923978,188.495559215387573,2827.433388230813762,0.000000000000000,0.000000000000000,78.794881619855090,21.200701105959702,0.000000000000000
29.000000000000000,40,HOGATZA RIVER,2016.000000000000000,6/26/2016 0:00:00,29.000000000000000,Y,,30.000000000000000,29,905.705986995017611,1400.485434221064452,521.117045545004885,188.495559215387573,2827.433388230813762,0.000000000000000,32.032796626262424,49.532039907662636,18.430745272873754,0.000000000000000
30.000000000000000,41,HOGATZA RIVER,2016.000000000000000,6/26/2016 0:00:00,30.000000000000000,Y,,30.000000000000000,30,539.885970666676712,2286.123403690504347,1.299096886250690,188.495559215387573,2827.433388230813762,0.000000000000000,19.094560208348359,80.855075603424950,0.045946153556019,0.000000000000000
31.000000000000000,42,HOGATZA RIVER,2016.000000000000000,6/26/2016 0:00:00,31.000000000000000,Y,,30.000000000000000,31,0.000000000000000,2827.308481402893449,0.000000000000000,188.495559215387573,2827.433388230813762,0.000000000000000,0.000000000000000,99.995582324646790,0.000000000000000,0.000000000000000
32.000000000000000,43,HOGATZA RIVER,2016.000000000000000,6/26/2016 0:00:00,32.000000000000000,Y,,30.000000000000000,32,1634.307439623647497,1193.001043683615535,0.000000000000000,188.495559215387573,2827.433388230813762,0.000000000000000,57.801801677325074,42.193780714675015,0.000000000000000,0.000000000000000
33.000000000000000,44,HOGATZA RIVER,2016.000000000000000,6/26/2016 0:00:00,33.000000000000000,Y,,30.000000000000000,33,2012.245715916171321,815.062791813859121,0.000000000000000,188.495559215387573,2827.433388230813762,0.000000000000000,71.168633867455213,28.826949388323577,0.000000000000000,0.000000000000000
34.000000000000000,45,HOGATZA RIVER,2016.000000000000000,6/26/2016 0:00:00,34.000000000000000,Y,,30.000000000000000,34,0.000000000000000,1863.659311224582098,963.649179483729654,188.495559215387573,2827.433388230813762,0.000000000000000,0.000000000000000,65.913464804584279,34.082117849174367,0.000000000000000
35.000000000000000,46,HOGATZA RIVER,2016.000000000000000,6/26/2016 0:00:00,35.000000000000000,M,Technically not within the fire boundry,30.000000000000000,35,122.202150383295873,2705.106322888126670,0.000000000000000,188.495559215387573,2827.433388230813762,0.000000000000000,4.322016953324598,95.673565083730239,0.000000000000000,0.000000000000000
36.000000000000000,47,HOGATZA RIVER,2016.000000000000000,6/26/2016 0:00:00,36.000000000000000,M,,30.000000000000000,36,0.000000000000000,2827.308481388126438,0.000000000000000,188.495559215387573,2827.433388230813762,0.000000000000000,0.000000000000000,99.995582324124513,0.000000000000000,0.000000000000000
37.000000000000000,48,HOGATZA RIVER,2016.000000000000000,6/26/2016 0:00:00,37.000000000000000,,,30.000000000000000,37,660.784199900102749,2166.524271626043173,0.000000000000000,188.495559215387573,2827.433388230813762,0.000000000000000,23.370460384694322,76.625121590633981,0.000000000000000,0.000000000000000
38.000000000000000,49,HOGATZA RIVER,2016.000000000000000,6/26/2016 0:00:00,38.000000000000000,,,30.000000000000000,38,2341.358375032900312,485.950082361199236,0.000000000000000,188.495559215387573,2827.433388230813762,0.000000000000000,82.808613096909738,17.186968378599669,0.000000000000000,0.000000000000000
39.000000000000000,50,HOGATZA RIVER,2016.000000000000000,6/26/2016 0:00:00,39.000000000000000,,,30.000000000000000,39,1075.929534038969223,1705.469614752398002,45.909349701410761,188.495559215387573,2827.433388230813762,0.000000000000000,38.053223057969248,60.318648773527684,1.623711097580878,0.000000000000000
40.000000000000000,51,HOGATZA RIVER,2016.000000000000000,6/26/2016 0:00:00,40.000000000000000,,,30.000000000000000,40,2020.792000799856623,777.313772576642350,29.202711959789067,188.495559215387573,2827.433388230813762,0.000000000000000,71.470896863968562,27.491850941995999,1.032834657797609,0.000000000000000
41.000000000000000,52,HOGATZA RIVER,2016.000000000000000,6/26/2016 0:00:00,41.000000000000000,,,30.000000000000000,41,1326.129289727780133,1489.404739217002088,11.774448449567675,188.495559215387573,2827.433388230813762,0.000000000000000,46.902229253137875,52.676917002418044,0.416435927317644,0.000000000000000
42.000000000000000,53,HOGATZA RIVER,2016.000000000000000,6/26/2016 0:00:00,42.000000000000000,,,30.000000000000000,42,2178.380040298817676,648.928429276400948,0.000000000000000,188.495559215387573,2827.433388230813762,0.000000000000000,77.044433632506454,22.951148273821918,0.000000000000000,0.000000000000000
43.000000000000000,54,HOGATZA RIVER,2016.000000000000000,6/26/2016 0:00:00,43.000000000000000,,,30.000000000000000,43,1986.694549757270579,840.613952136818398,0.000000000000000,188.495559215387573,2827.433388230813762,0.000000000000000,70.264946223910457,29.730636825464124,0.000000000000000,0.000000000000000
44.000000000000000,55,HOGATZA RIVER,2016.000000000000000,6/26/2016 0:00:00,44.000000000000000,,,30.000000000000000,44,1656.196994822106717,1171.111478011147028,0.000000000000000,188.495559215387573,2827.433388230813762,0.000000000000000,58.575986324417883,41.419595697139897,0.000000000000000,0.000000000000000
45.000000000000000,56,HOGATZA RIVER,2016.000000000000000,6/26/2016 0:00:00,45.000000000000000,,,30.000000000000000,45,0.000000000000000,1228.420561479475509,1598.887895360458288,188.495559215387573,2827.433388230813762,0.000000000000000,0.000000000000000,43.446489901151125,56.549091554758682,0.000000000000000
46.000000000000000,58,HOGATZA RIVER,2016.000000000000000,6/26/2016 0:00:00,46.000000000000000,,,30.000000000000000,46,899.797897913314159,1782.357305683811092,145.153260241119767,188.495559215387573,2827.433388230813762,0.000000000000000,31.823840719244572,63.037994567895751,5.133746416284110,0.000000000000000
47.000000000000000,59,HOGATZA RIVER,2016.000000000000000,6/26/2016 0:00:00,47.000000000000000,,,30.000000000000000,47,0.000000000000000,1959.832686024433769,867.475809706135692,188.495559215387573,2827.433388230813762,0.000000000000000,0.000000000000000,69.314902136412258,30.680680694972413,0.000000000000000
48.000000000000000,60,INIAKUK LAKE,2016.000000000000000,6/26/2016 0:00:00,48.000000000000000,,,30.000000000000000,48,0.000000000000000,0.000000000000000,0.000000000000000,188.495559215387573,2827.433388230813762,0.000000000000000,0.000000000000000,0.000000000000000,0.000000000000000,0.000000000000000
49.000000000000000,61,INIAKUK LAKE,2016.000000000000000,6/26/2016 0:00:00,49.000000000000000,,,30.000000000000000,49,0.000000000000000,2827.308481409715569,0.000000000000000,188.495559215387573,2827.433388230813762,0.000000000000000,0.000000000000000,99.995582324888076,0.000000000000000,0.000000000000000
50.000000000000000,62,INIAKUK LAKE,2016.000000000000000,6/26/2016 0:00:00,50.000000000000000,,,30.000000000000000,50,235.496468689596213,2591.811986786623947,0.000000000000000,188.495559215387573,2827.433388230813762,0.000000000000000,8.328983793918889,91.666597613759407,0.000000000000000,0.000000000000000
51.000000000000000,63,INIAKUK LAKE,2016.000000000000000,6/26/2016 0:00:00,51.000000000000000,,,30.000000000000000,51,2827.308481393177772,0.000000000000000,0.000000000000000,188.495559215387573,2827.433388230813762,0.000000000000000,99.995582324303172,0.000000000000000,0.000000000000000,0.000000000000000
52.000000000000000,64,INIAKUK LAKE,2016.000000000000000,6/26/2016 0:00:00,52.000000000000000,,,30.000000000000000,52,2770.421324670774084,56.887145058432544,0.000000000000000,188.495559215387573,2827.433388230813762,0.000000000000000,97.983610726344523,2.011971185430050,0.000000000000000,0.000000000000000
53.000000000000000,65,INIAKUK LAKE,2016.000000000000000,6/26/2016 0:00:00,53.000000000000000,,,30.000000000000000,53,0.000000000000000,2192.380877032551325,0.000000000000000,188.495559215387573,2827.433388230813762,0.000000000000000,0.000000000000000,77.539611937750067,0.000000000000000,0.000000000000000
54.000000000000000,66,INIAKUK LAKE,2016.000000000000000,6/26/2016 0:00:00,54.000000000000000,,,30.000000000000000,54,2071.977108576363662,755.331390925837809,0.000000000000000,188.495559215387573,2827.433388230813762,0.000000000000000,73.281199734040229,26.714383230738637,0.000000000000000,0.000000000000000
55.000000000000000,67,HURST CREEK,2019.000000000000000,6/22/2019 0:00:00,55.000000000000000,,,30.000000000000000,55,0.000000000000000,2827.308481377236603,0.000000000000000,188.495559215387573,2827.433388230813762,0.000000000000000,0.000000000000000,99.995582323739356,0.000000000000000,0.000000000000000
56.000000000000000,68,HURST CREEK,2019.000000000000000,6/22/2019 0:00:00,56.000000000000000,,,30.000000000000000,56,1753.102643154315047,1074.205839199720231,0.000000000000000,188.495559215387573,2827.433388230813762,0.000000000000000,62.003322534550300,37.992259823736255,0.000000000000000,0.000000000000000
57.000000000000000,69,HURST CREEK,2019.000000000000000,6/22/2019 0:00:00,57.000000000000000,,,30.000000000000000,57,771.837562633509719,2055.470929782636631,0.000000000000000,188.495559215387573,2827.433388230813762,0.000000000000000,27.298169634916320,72.697413079244612,0.000000000000000,0.000000000000000
58.000000000000000,70,HURST CREEK,2019.000000000000000,6/22/2019 0:00:00,58.000000000000000,,,30.000000000000000,58,556.878662584235826,2063.675638480734051,206.754200278918489,188.495559215387573,2827.433388230813762,0.000000000000000,19.695553745041074,72.987595289451562,7.312433995422579,0.000000000000000
59.000000000000000,71,HURST CREEK,2019.000000000000000,6/22/2019 0:00:00,59.000000000000000,,,30.000000000000000,59,0.165180930378504,448.296013658812058,0.000000000000000,188.495559215387573,2827.433388230813762,0.000000000000000,0.005842080349835,15.855228120487061,0.000000000000000,0.000000000000000
60.000000000000000,72,HURST CREEK,2019.000000000000000,6/22/2019 0:00:00,60.000000000000000,,,30.000000000000000,60,1492.073373166827878,1301.878364012405882,0.000000000000000,188.495559215387573,2827.433388230813762,0.000000000000000,52.771300621177517,46.044528208214281,0.000000000000000,0.000000000000000
61.000000000000000,73,HURST CREEK,2019.000000000000000,6/22/2019 0:00:00,61.000000000000000,,,30.000000000000000,61,55.179089648342774,1646.790817076222766,0.000000000000000,188.495559215387573,2827.433388230813762,0.000000000000000,1.951561082854352,58.243310839116013,0.000000000000000,0.000000000000000
62.000000000000000,74,HURST CREEK,2019.000000000000000,6/22/2019 0:00:00,62.000000000000000,,,30.000000000000000,62,0.000000000000000,0.000000000000000,0.000000000000000,188.495559215387573,2827.433388230813762,0.000000000000000,0.000000000000000,0.000000000000000,0.000000000000000,0.000000000000000
63.000000000000000,75,HURST CREEK,2019.000000000000000,6/22/2019 0:00:00,63.000000000000000,,,30.000000000000000,63,0.000000000000000,0.000000000000000,0.000000000000000,188.495559215387573,2827.433388230813762,0.000000000000000,0.000000000000000,0.000000000000000,0.000000000000000,0.000000000000000
64.000000000000000,76,HURST CREEK,2019.000000000000000,6/22/2019 0:00:00,64.000000000000000,,,30.000000000000000,64,0.000000000000000,0.000000000000000,0.000000000000000,188.495559215387573,2827.433388230813762,0.000000000000000,0.000000000000000,0.000000000000000,0.000000000000000,0.000000000000000
65.000000000000000,77,HURST CREEK,2019.000000000000000,6/22/2019 0:00:00,65.000000000000000,,,30.000000000000000,65,0.000000000000000,0.000000000000000,0.000000000000000,188.495559215387573,2827.433388230813762,0.000000000000000,0.000000000000000,0.000000000000000,0.000000000000000,0.000000000000000
66.000000000000000,78,HURST CREEK,2019.000000000000000,6/22/2019 0:00:00,66.000000000000000,,,30.000000000000000,66,1342.787345895458657,1072.008228750551780,0.000000000000000,188.495559215387573,2827.433388230813762,0.000000000000000,47.491387471224201,37.914535253519468,0.000000000000000,0.000000000000000
67.000000000000000,79,HURST CREEK,2019.000000000000000,6/22/2019 0:00:00,67.000000000000000,,,30.000000000000000,67,2027.584837000405287,799.723656801027687,0.000000000000000,188.495559215387573,2827.433388230813762,0.000000000000000,71.711144299286531,28.284438463868888,0.000000000000000,0.000000000000000
68.000000000000000,80,HURST CREEK,2019.000000000000000,6/22/2019 0:00:00,68.000000000000000,,,30.000000000000000,68,900.000000073817546,408.053769667711094,0.000000000000000,188.495559215387573,2827.433388230813762,0.000000000000000,31.830988620989832,14.431949886643986,0.000000000000000,0.000000000000000
69.000000000000000,81,HURST CREEK,2019.000000000000000,6/22/2019 0:00:00,69.000000000000000,,,30.000000000000000,69,170.226539982779627,915.053812771929643,110.451764392483867,188.495559215387573,2827.433388230813762,0.000000000000000,6.020532285264342,32.363408332830737,3.906432061396711,0.000000000000000
70.000000000000000,82,HURST CREEK,2019.000000000000000,6/22/2019 0:00:00,70.000000000000000,,,30.000000000000000,70,1704.449111573834671,560.479505274726989,0.000000000000000,188.495559215387573,2827.433388230813762,0.000000000000000,60.282555856792271,19.822907503593960,0.000000000000000,0.000000000000000
71.000000000000000,83,HURST CREEK,2019.000000000000000,6/22/2019 0:00:00,71.000000000000000,,,30.000000000000000,71,1365.840755510349936,0.000000000000000,0.000000000000000,188.495559215387573,2827.433388230813762,0.000000000000000,48.306735047964686,0.000000000000000,0.000000000000000,0.000000000000000
72.000000000000000,84,HURST CREEK,2019.000000000000000,6/22/2019 0:00:00,72.000000000000000,,,30.000000000000000,72,555.501135349817559,0.000000000000000,0.000000000000000,188.495559215387573,2827.433388230813762,0.000000000000000,19.646833685351879,0.000000000000000,0.000000000000000,0.000000000000000
73.000000000000000,85,HURST CREEK,2019.000000000000000,6/22/2019 0:00:00,73.000000000000000,,,30.000000000000000,73,413.878542062685653,1746.340353371337642,0.000000000000000,188.495559215387573,2827.433388230813762,0.000000000000000,14.637959068654077,61.764155457754590,0.000000000000000,0.000000000000000
74.000000000000000,86,HURST CREEK,2019.000000000000000,6/22/2019 0:00:00,74.000000000000000,,,30.000000000000000,74,1147.718906561459107,176.603682905435477,0.000000000000000,188.495559215387573,2827.433388230813762,0.000000000000000,40.592252724284748,6.246077578363048,0.000000000000000,0.000000000000000
75.000000000000000,87,HURST CREEK,2019.000000000000000,6/22/2019 0:00:00,75.000000000000000,,,30.000000000000000,75,82.885550771676364,2744.422927768075624,0.000000000000000,188.495559215387573,2827.433388230813762,0.000000000000000,2.931476692490345,97.064105530893528,0.000000000000000,0.000000000000000
76.000000000000000,88,HURST CREEK,2019.000000000000000,6/22/2019 0:00:00,76.000000000000000,,,30.000000000000000,76,0.000000000000000,2827.308481381443016,0.000000000000000,188.495559215387573,2827.433388230813762,0.000000000000000,0.000000000000000,99.995582323888129,0.000000000000000,0.000000000000000
77.000000000000000,89,HURST CREEK,2019.000000000000000,6/22/2019 0:00:00,77.000000000000000,,,30.000000000000000,77,2265.098526315838626,48.923792371662110,0.000000000000000,188.495559215387573,2827.433388230813762,0.000000000000000,80.111472678518510,1.730325197944797,0.000000000000000,0.000000000000000
78.000000000000000,90,HURST CREEK,2019.000000000000000,6/22/2019 0:00:00,78.000000000000000,M,Not super confident it's a pond,30.000000000000000,78,0.000000000000000,0.000000000000000,0.000000000000000,188.495559215387573,2827.433388230813762,0.000000000000000,0.000000000000000,0.000000000000000,0.000000000000000,0.000000000000000
79.000000000000000,91,HURST CREEK,2019.000000000000000,6/22/2019 0:00:00,79.000000000000000,,,30.000000000000000,79,0.000000000000000,0.000000000000000,0.000000000000000,188.495559215387573,2827.433388230813762,0.000000000000000,0.000000000000000,0.000000000000000,0.000000000000000,0.000000000000000
80.000000000000000,92,HURST CREEK,2019.000000000000000,6/22/2019 0:00:00,80.000000000000000,,,30.000000000000000,80,0.000000000000000,2827.308481373092036,0.000000000000000,188.495559215387573,2827.433388230813762,0.000000000000000,0.000000000000000,99.995582323592785,0.000000000000000,0.000000000000000
81.000000000000000,93,HURST CREEK,2019.000000000000000,6/22/2019 0:00:00,81.000000000000000,,,30.000000000000000,81,0.000000000000000,2827.308481396759362,0.000000000000000,188.495559215387573,2827.433388230813762,0.000000000000000,0.000000000000000,99.995582324429847,0.000000000000000,0.000000000000000
82.000000000000000,94,HURST CREEK,2019.000000000000000,6/22/2019 0:00:00,82.000000000000000,,,30.000000000000000,82,0.000000000000000,2827.308481378314809,0.000000000000000,188.495559215387573,2827.433388230813762,0.000000000000000,0.000000000000000,99.995582323777498,0.000000000000000,0.000000000000000
83.000000000000000,95,HURST CREEK,2019.000000000000000,6/22/2019 0:00:00,83.000000000000000,,,30.000000000000000,83,0.000000000000000,2827.308481364915679,0.000000000000000,188.495559215387573,2827.433388230813762,0.000000000000000,0.000000000000000,99.995582323303594,0.000000000000000,0.000000000000000
84.000000000000000,96,HURST CREEK,2019.000000000000000,6/22/2019 0:00:00,84.000000000000000,,,30.000000000000000,84,0.000000000000000,2827.308481360518272,0.000000000000000,188.495559215387573,2827.433388230813762,0.000000000000000,0.000000000000000,99.995582323148071,0.000000000000000,0.000000000000000
85.000000000000000,97,HURST CREEK,2019.000000000000000,6/22/2019 0:00:00,85.000000000000000,,,30.000000000000000,85,38.007562243054238,2789.300916067990784,0.000000000000000,188.495559215387573,2827.433388230813762,0.000000000000000,1.344242534634437,98.651339680660584,0.000000000000000,0.000000000000000
86.000000000000000,98,HURST CREEK,2019.000000000000000,6/22/2019 0:00:00,86.000000000000000,,,30.000000000000000,86,0.000000000000000,2827.308481397322794,0.000000000000000,188.495559215387573,2827.433388230813762,0.000000000000000,0.000000000000000,99.995582324449771,0.000000000000000,0.000000000000000
87.000000000000000,99,HURST CREEK,2019.000000000000000,6/22/2019 0:00:00,87.000000000000000,,,30.000000000000000,87,0.000000000000000,2827.308481380535341,0.000000000000000,188.495559215387573,2827.433388230813762,0.000000000000000,0.000000000000000,99.995582323856041,0.000000000000000,0.000000000000000
88.000000000000000,100,HURST CREEK,2019.000000000000000,6/22/2019 0:00:00,88.000000000000000,,,30.000000000000000,90,2638.693297151949537,94.718690746461476,0.000000000000000,188.495559215387573,2827.433388230813762,0.000000000000000,93.324684787818711,3.349988407887091,0.000000000000000,0.000000000000000
89.000000000000000,101,HURST CREEK,2019.000000000000000,6/22/2019 0:00:00,89.000000000000000,,,30.000000000000000,91,2005.204910299815083,822.103551980644284,0.000000000000000,188.495559215387573,2827.433388230813762,0.000000000000000,70.919616308079142,29.075965340249883,0.000000000000000,0.000000000000000
90.000000000000000,102,HURST CREEK,2019.000000000000000,6/22/2019 0:00:00,90.000000000000000,,,30.000000000000000,94,1639.697935263172667,1187.610548292184149,0.000000000000000,188.495559215387573,2827.433388230813762,0.000000000000000,57.992451461046343,42.003130939728266,0.000000000000000,0.000000000000000
91.000000000000000,105,HURST CREEK,2019.000000000000000,6/22/2019 0:00:00,91.000000000000000,,,30.000000000000000,95,1210.831951819279311,1616.476493710238628,0.000000000000000,188.495559215387573,2827.433388230813762,0.000000000000000,42.824420085699103,57.171160970186563,0.000000000000000,0.000000000000000
92.000000000000000,106,OLD GROUCH TOP,2019.000000000000000,6/5/2019 0:00:00,92.000000000000000,,,30.000000000000000,96,1546.618969104980806,0.000000000000000,0.000000000000000,188.495559215387573,2827.433388230813762,0.000000000000000,54.700456447277567,0.000000000000000,0.000000000000000,0.000000000000000
93.000000000000000,107,OLD GROUCH TOP,2019.000000000000000,6/5/2019 0:00:00,93.000000000000000,,,30.000000000000000,97,2827.308481382810442,0.000000000000000,0.000000000000000,188.495559215387573,2827.433388230813762,0.000000000000000,99.995582323936489,0.000000000000000,0.000000000000000,0.000000000000000
94.000000000000000,108,OLD GROUCH TOP,2019.000000000000000,6/5/2019 0:00:00,94.000000000000000,,,30.000000000000000,98,925.468777565886853,1001.822832713879961,900.016873808365858,188.495559215387573,2827.433388230813762,0.000000000000000,32.731762361516594,35.432234650830878,31.831585407270229,0.000000000000000
95.000000000000000,109,OLD GROUCH TOP,2019.000000000000000,6/5/2019 0:00:00,95.000000000000000,,,30.000000000000000,99,0.000000000000000,2088.819742336166200,738.488733131898016,188.495559215387573,2827.433388230813762,0.000000000000000,0.000000000000000,73.876886049053340,26.118696065691804,0.000000000000000
96.000000000000000,110,OLD GROUCH TOP,2019.000000000000000,6/5/2019 0:00:00,96.000000000000000,,,30.000000000000000,100,0.000000000000000,2385.852637053260423,441.455860281898595,188.495559215387573,2827.433388230813762,0.000000000000000,0.000000000000000,84.382275705746693,15.613307182388727,0.000000000000000
97.000000000000000,111,OLD GROUCH TOP,2019.000000000000000,6/5/2019 0:00:00,97.000000000000000,,,30.000000000000000,101,0.000000000000000,2315.349235805616445,511.959230011558304,188.495559215387573,2827.433388230813762,0.000000000000000,0.000000000000000,81.888727969445839,18.106853803968917,0.000000000000000
98.000000000000000,112,OLD GROUCH TOP,2019.000000000000000,6/5/2019 0:00:00,98.000000000000000,,,30.000000000000000,102,0.000000000000000,1718.914971672687670,1108.393512217870239,188.495559215387573,2827.433388230813762,0.000000000000000,0.000000000000000,60.794180999194111,39.201401413435811,0.000000000000000
99.000000000000000,113,OLD GROUCH TOP,2019.000000000000000,6/5/2019 0:00:00,99.000000000000000,,,30.000000000000000,103,0.000000000000000,2346.709473019460347,480.599022251406154,188.495559215387573,2827.433388230813762,0.000000000000000,0.000000000000000,82.997869473694209,16.997713341431798,0.000000000000000
100.000000000000000,114,OLD GROUCH TOP,2019.000000000000000,6/5/2019 0:00:00,100.000000000000000,,,30.000000000000000,104,257.912137235078433,2298.795505171708101,270.600833833410832,188.495559215387573,2827.433388230813762,0.000000000000000,9.121775894301781,81.303259512335117,9.570546735416874,0.000000000000000
101.000000000000000,115,OLD GROUCH TOP,2019.000000000000000,6/5/2019 0:00:00,101.000000000000000,,,30.000000000000000,105,0.000000000000000,2827.308481368037519,0.000000000000000,188.495559215387573,2827.433388230813762,0.000000000000000,0.000000000000000,99.995582323414013,0.000000000000000,0.000000000000000
102.000000000000000,116,OLD GROUCH TOP,2019.000000000000000,6/5/2019 0:00:00,102.000000000000000,,,30.000000000000000,106,0.000000000000000,2826.201167775135673,1.107297477507854,188.495559215387573,2827.433388230813762,0.000000000000000,0.000000000000000,99.956419116333308,0.039162637115236,0.000000000000000
103.000000000000000,117,OLD GROUCH TOP,2019.000000000000000,6/5/2019 0:00:00,103.000000000000000,,,30.000000000000000,107,0.000000000000000,2827.308481372128881,0.000000000000000,188.495559215387573,2827.433388230813762,0.000000000000000,0.000000000000000,99.995582323558722,0.000000000000000,0.000000000000000
104.000000000000000,118,OLD GROUCH TOP,2019.000000000000000,6/5/2019 0:00:00,104.000000000000000,,,30.000000000000000,108,0.000000000000000,1750.093958164384958,1077.214539446350955,188.495559215387573,2827.433388230813762,0.000000000000000,0.000000000000000,61.896912070471679,38.098670827410274,0.000000000000000
105.000000000000000,119,OLD GROUCH TOP,2019.000000000000000,6/5/2019 0:00:00,105.000000000000000,,,30.000000000000000,109,0.000000000000000,2254.715225968982850,572.593269912911410,188.495559215387573,2827.433388230813762,0.000000000000000,0.000000000000000,79.744238550560766,20.251344286175929,0.000000000000000
106.000000000000000,120,OLD GROUCH TOP,2019.000000000000000,6/5/2019 0:00:00,106.000000000000000,,,30.000000000000000,110,0.000000000000000,2827.308481367099830,0.000000000000000,188.495559215387573,2827.433388230813762,0.000000000000000,0.000000000000000,99.995582323380845,0.000000000000000,0.000000000000000
107.000000000000000,121,OLD GROUCH TOP,2019.000000000000000,6/5/2019 0:00:00,107.000000000000000,,,30.000000000000000,111,1382.308022487435210,578.116588123969109,866.883857325648478,188.495559215387573,2827.433388230813762,0.000000000000000,48.889145478768476,20.446691707411336,30.659744662210294,0.000000000000000
108.000000000000000,123,OLD GROUCH TOP,2019.000000000000000,6/5/2019 0:00:00,108.000000000000000,,,30.000000000000000,112,0.000000000000000,2751.793682644522960,75.514804692801377,188.495559215387573,2827.433388230813762,0.000000000000000,0.000000000000000,97.324792658205823,2.670789876328532,0.000000000000000
109.000000000000000,124,OLD GROUCH TOP,2019.000000000000000,6/5/2019 0:00:00,109.000000000000000,,,30.000000000000000,113,0.000000000000000,2771.431893808284258,55.876612599127853,188.495559215387573,2827.433388230813762,0.000000000000000,0.000000000000000,98.019352298249160,1.976230910751573,0.000000000000000
110.000000000000000,125,OLD GROUCH TOP,2019.000000000000000,6/5/2019 0:00:00,110.000000000000000,,,30.000000000000000,114,0.000000000000000,2594.307550448900656,233.000938338561667,188.495559215387573,2827.433388230813762,0.000000000000000,0.000000000000000,91.754860123237606,8.240722462584889,0.000000000000000
111.000000000000000,126,OLD GROUCH TOP,2019.000000000000000,6/5/2019 0:00:00,111.000000000000000,,,30.000000000000000,115,0.000000000000000,1778.303295931961657,1049.005166303004444,188.495559215387573,2827.433388230813762,0.000000000000000,0.000000000000000,62.894613303151395,37.100968343568638,0.000000000000000
112.000000000000000,127,OLD GROUCH TOP,2019.000000000000000,6/5/2019 0:00:00,112.000000000000000,,,30.000000000000000,116,1191.542208908812199,1618.378723811778400,0.000000000000000,188.495559215387573,2827.433388230813762,0.000000000000000,42.142184988994060,57.238438597643956,0.000000000000000,0.000000000000000
113.000000000000000,128,OLD GROUCH TOP,2019.000000000000000,6/5/2019 0:00:00,113.000000000000000,,,30.000000000000000,117,0.000000000000000,2827.308481373372615,0.000000000000000,188.495559215387573,2827.433388230813762,0.000000000000000,0.000000000000000,99.995582323602704,0.000000000000000,0.000000000000000
114.000000000000000,129,OLD GROUCH TOP,2019.000000000000000,6/5/2019 0:00:00,114.000000000000000,,,30.000000000000000,118,0.000000000000000,2827.308481384077368,0.000000000000000,188.495559215387573,2827.433388230813762,0.000000000000000,0.000000000000000,99.995582323981296,0.000000000000000,0.000000000000000
115.000000000000000,130,OLD GROUCH TOP,2019.000000000000000,6/5/2019 0:00:00,115.000000000000000,,,30.000000000000000,121,1133.418667525477758,1693.889801835937305,0.000000000000000,188.495559215387573,2827.433388230813762,0.000000000000000,40.086485228735391,59.909096670031218,0.000000000000000,0.000000000000000
118.000000000000000,133,PAIGE MOUNTAIN,2019.000000000000000,6/22/2019 0:00:00,118.000000000000000,,,30.000000000000000,122,2827.308481368601406,0.000000000000000,0.000000000000000,188.495559215387573,2827.433388230813762,0.000000000000000,99.995582323433950,0.000000000000000,0.000000000000000,0.000000000000000
119.000000000000000,134,PAIGE MOUNTAIN,2019.000000000000000,6/22/2019 0:00:00,119.000000000000000,,,30.000000000000000,123,2795.841677389681536,31.466811250949881,0.000000000000000,188.495559215387573,2827.433388230813762,0.000000000000000,98.882671790867548,1.112910789761854,0.000000000000000,0.000000000000000
120.000000000000000,135,PAIGE MOUNTAIN,2019.000000000000000,6/22/2019 0:00:00,120.000000000000000,,,30.000000000000000,124,2827.308481396790739,0.000000000000000,0.000000000000000,188.495559215387573,2827.433388230813762,0.000000000000000,99.995582324430956,0.000000000000000,0.000000000000000,0.000000000000000
121.000000000000000,136,PAIGE MOUNTAIN,2019.000000000000000,6/22/2019 0:00:00,121.000000000000000,,,30.000000000000000,125,2827.308481386086896,0.000000000000000,0.000000000000000,188.495559215387573,2827.433388230813762,0.000000000000000,99.995582324052378,0.000000000000000,0.000000000000000,0.000000000000000
122.000000000000000,137,PAIGE MOUNTAIN,2019.000000000000000,6/22/2019 0:00:00,122.000000000000000,,,30.000000000000000,126,2641.679620036609776,185.628851538187575,0.000000000000000,188.495559215387573,2827.433388230813762,0.000000000000000,93.430304354210307,6.565277622838696,0.000000000000000,0.000000000000000
123.000000000000000,138,PAIGE MOUNTAIN,2019.000000000000000,6/22/2019 0:00:00,123.000000000000000,,,30.000000000000000,127,0.000000000000000,0.000000000000000,0.000000000000000,188.495559215387573,2827.433388230813762,0.000000000000000,0.000000000000000,0.000000000000000,0.000000000000000,0.000000000000000
124.000000000000000,139,PAIGE MOUNTAIN,2019.000000000000000,6/22/2019 0:00:00,124.000000000000000,,,30.000000000000000,128,0.000000000000000,0.000000000000000,0.000000000000000,188.495559215387573,2827.433388230813762,0.000000000000000,0.000000000000000,0.000000000000000,0.000000000000000,0.000000000000000
125.000000000000000,140,PAIGE MOUNTAIN,2019.000000000000000,6/22/2019 0:00:00,125.000000000000000,,,30.000000000000000,129,0.000000000000000,0.000000000000000,0.000000000000000,188.495559215387573,2827.433388230813762,0.000000000000000,0.000000000000000,0.000000000000000,0.000000000000000,0.000000000000000
126.000000000000000,141,PAIGE MOUNTAIN,2019.000000000000000,6/22/2019 0:00:00,126.000000000000000,,,30.000000000000000,130,0.000000000000000,0.000000000000000,0.000000000000000,188.495559215387573,2827.433388230813762,0.000000000000000,0.000000000000000,0.000000000000000,0.000000000000000,0.000000000000000
117.000000000000000,132,PAIGE MOUNTAIN,2019.000000000000000,6/22/2019 0:00:00,117.000000000000000,,,30.000000000000000,131,2827.308481369280344,0.000000000000000,0.000000000000000,188.495559215387573,2827.433388230813762,0.000000000000000,99.995582323457967,0.000000000000000,0.000000000000000,0.000000000000000
116.000000000000000,131,PAIGE MOUNTAIN,2019.000000000000000,6/22/2019 0:00:00,116.000000000000000,,,30.000000000000000,132,2827.308481373047471,0.000000000000000,0.000000000000000,188.495559215387573,2827.433388230813762,0.000000000000000,99.995582323591208,0.000000000000000,0.000000000000000,0.000000000000000
127.000000000000000,142,PAIGE MOUNTAIN,2019.000000000000000,6/22/2019 0:00:00,127.000000000000000,,,30.000000000000000,133,0.000000000000000,0.000000000000000,0.000000000000000,188.495559215387573,2827.433388230813762,0.000000000000000,0.000000000000000,0.000000000000000,0.000000000000000,0.000000000000000
128.000000000000000,143,PAIGE MOUNTAIN,2019.000000000000000,6/22/2019 0:00:00,128.000000000000000,,,30.000000000000000,134,521.024489899376022,2306.283972208220803,0.000000000000000,188.495559215387573,2827.433388230813762,0.000000000000000,18.427471786537552,81.568109855677719,0.000000000000000,0.000000000000000
129.000000000000000,144,PAIGE MOUNTAIN,2019.000000000000000,6/22/2019 0:00:00,129.000000000000000,,,30.000000000000000,135,2337.557254407824985,489.751224715930050,0.000000000000000,188.495559215387573,2827.433388230813762,0.000000000000000,82.674175955405445,17.321406288633309,0.000000000000000,0.000000000000000
130.000000000000000,145,PAIGE MOUNTAIN,2019.000000000000000,6/22/2019 0:00:00,130.000000000000000,,,30.000000000000000,136,2260.142570463829088,0.000000000000000,0.000000000000000,188.495559215387573,2827.433388230813762,0.000000000000000,79.936191595942390,0.000000000000000,0.000000000000000,0.000000000000000
131.000000000000000,146,PAIGE MOUNTAIN,2019.000000000000000,6/22/2019 0:00:00,131.000000000000000,,,30.000000000000000,137,2009.106934134870698,0.000000000000000,0.000000000000000,188.495559215387573,2827.433388230813762,0.000000000000000,71.057622170615048,0.000000000000000,0.000000000000000,0.000000000000000
132.000000000000000,147,PAIGE MOUNTAIN,2019.000000000000000,6/22/2019 0:00:00,132.000000000000000,,,30.000000000000000,138,281.406465152035992,0.000000000000000,0.000000000000000,188.495559215387573,2827.433388230813762,0.000000000000000,9.952717765991938,0.000000000000000,0.000000000000000,0.000000000000000
133.000000000000000,148,PAIGE MOUNTAIN,2019.000000000000000,6/22/2019 0:00:00,133.000000000000000,,,30.000000000000000,139,2168.408137196417556,0.000000000000000,0.000000000000000,188.495559215387573,2827.433388230813762,0.000000000000000,76.691749705666354,0.000000000000000,0.000000000000000,0.000000000000000
134.000000000000000,149,PAIGE MOUNTAIN,2019.000000000000000,6/22/2019 0:00:00,134.000000000000000,M,Maybe inactive,30.000000000000000,140,1673.291455790456439,421.320310966391048,0.000000000000000,188.495559215387573,2827.433388230813762,0.000000000000000,59.180579204996619,14.901157803403470,0.000000000000000,0.000000000000000
135.000000000000000,150,PAIGE MOUNTAIN,2019.000000000000000,6/22/2019 0:00:00,135.000000000000000,,,30.000000000000000,141,141.759187830780576,1306.402821659009305,648.450034384101741,188.495559215387573,2827.433388230813762,0.000000000000000,5.013705660435819,46.204548163606916,22.934228515630952,0.000000000000000
136.000000000000000,171,PAIGE MOUNTAIN,2019.000000000000000,6/22/2019 0:00:00,136.000000000000000,,,30.000000000000000,142,711.282023108172098,995.043825679612610,1120.982614372096123,188.495559215387573,2827.433388230813762,0.000000000000000,25.156455535570959,35.192476322217907,39.646649821643337,0.000000000000000
233.000000000000000,269,PAIGE MOUNTAN,2019.000000000000000,6/22/2019 0:00:00,233.000000000000000,,,30.000000000000000,143,0.000000000000000,0.000000000000000,0.000000000000000,188.495559215387573,2827.433388230813762,0.000000000000000,0.000000000000000,0.000000000000000,0.000000000000000,0.000000000000000
137.000000000000000,172,PAIGE MOUNTAIN,2019.000000000000000,6/22/2019 0:00:00,137.000000000000000,,,30.000000000000000,144,1928.431666898489539,0.000000000000000,0.000000000000000,188.495559215387573,2827.433388230813762,0.000000000000000,68.204318267075109,0.000000000000000,0.000000000000000,0.000000000000000
138.000000000000000,173,PAIGE MOUNTAIN,2019.000000000000000,6/22/2019 0:00:00,138.000000000000000,,,30.000000000000000,145,2289.988131716056614,537.320355000816789,0.000000000000000,188.495559215387573,2827.433388230813762,0.000000000000000,80.991762396529936,19.003820116060442,0.000000000000000,0.000000000000000
139.000000000000000,174,PAIGE MOUNTAIN,2019.000000000000000,6/22/2019 0:00:00,139.000000000000000,,,30.000000000000000,146,749.636708236238178,2077.671784929356818,0.000000000000000,188.495559215387573,2827.433388230813762,0.000000000000000,26.512975030874276,73.482607709792973,0.000000000000000,0.000000000000000
140.000000000000000,175,PAIGE MOUNTAIN,2019.000000000000000,6/22/2019 0:00:00,140.000000000000000,,,30.000000000000000,147,91.676663769474899,2735.631811664374254,0.000000000000000,188.495559215387573,2827.433388230813762,0.000000000000000,3.242398712241245,96.753183401293782,0.000000000000000,0.000000000000000
141.000000000000000,176,PAIGE MOUNTAIN,2019.000000000000000,6/22/2019 0:00:00,141.000000000000000,,,30.000000000000000,148,0.000000000000000,2827.308481359364578,0.000000000000000,188.495559215387573,2827.433388230813762,0.000000000000000,0.000000000000000,99.995582323107271,0.000000000000000,0.000000000000000
142.000000000000000,177,PAIGE MOUNTAIN,2019.000000000000000,6/22/2019 0:00:00,142.000000000000000,,,30.000000000000000,149,824.947842714968829,2002.360633671965388,0.000000000000000,188.495559215387573,2827.433388230813762,0.000000000000000,29.176561546907266,70.819020600336259,0.000000000000000,0.000000000000000
143.000000000000000,178,PAIGE MOUNTAIN,2019.000000000000000,6/22/2019 0:00:00,143.000000000000000,,,30.000000000000000,150,0.000000000000000,2827.308481347075485,0.000000000000000,188.495559215387573,2827.433388230813762,0.000000000000000,0.000000000000000,99.995582322672632,0.000000000000000,0.000000000000000
144.000000000000000,179,PAIGE MOUNTAIN,2019.000000000000000,6/22/2019 0:00:00,144.000000000000000,,,30.000000000000000,151,101.881447257871528,2725.427029571906587,0.000000000000000,188.495559215387573,2827.433388230813762,0.000000000000000,3.603319097876995,96.392263065028928,0.000000000000000,0.000000000000000
145.000000000000000,180,PAIGE MOUNTAIN,2019.000000000000000,6/22/2019 0:00:00,145.000000000000000,,,30.000000000000000,152,0.000000000000000,291.285866875143768,0.000000000000000,188.495559215387573,2827.433388230813762,0.000000000000000,0.000000000000000,10.302130125774870,0.000000000000000,0.000000000000000
146.000000000000000,181,PAIGE MOUNTAIN,2019.000000000000000,6/22/2019 0:00:00,146.000000000000000,,,30.000000000000000,154,2049.004357733732377,778.304138592958452,0.000000000000000,188.495559215387573,2827.433388230813762,0.000000000000000,72.468704877812826,27.526877974655317,0.000000000000000,0.000000000000000
147.000000000000000,182,PAIGE MOUNTAIN,2019.000000000000000,6/22/2019 0:00:00,147.000000000000000,,,30.000000000000000,155,1296.020823356948313,0.000000000000000,0.000000000000000,188.495559215387573,2827.433388230813762,0.000000000000000,45.837360086063654,0.000000000000000,0.000000000000000,0.000000000000000
148.000000000000000,184,PAIGE MOUNTAIN,2019.000000000000000,6/22/2019 0:00:00,148.000000000000000,,,30.000000000000000,156,0.000000000000000,2550.746418660211020,276.562060695241598,188.495559215387573,2827.433388230813762,0.000000000000000,0.000000000000000,90.214200245271499,9.781382006961884,0.000000000000000
149.000000000000000,185,PAIGE MOUNTAIN,2019.000000000000000,6/22/2019 0:00:00,149.000000000000000,,,30.000000000000000,157,1287.695257901776813,1539.584429861344006,0.000000000000000,188.495559215387573,2827.433388230813762,0.000000000000000,45.542903442457956,54.451660515500080,0.000000000000000,0.000000000000000
150.000000000000000,186,PAIGE MOUNTAIN,2019.000000000000000,6/22/2019 0:00:00,150.000000000000000,,,30.000000000000000,158,350.943205566162817,2266.909512123272634,209.455759020408607,188.495559215387573,2827.433388230813762,0.000000000000000,12.412076868971104,80.175523199212378,7.407982090480639,0.000000000000000
151.000000000000000,187,PAIGE MOUNTAIN,2019.000000000000000,6/22/2019 0:00:00,151.000000000000000,,,30.000000000000000,159,0.000000000000000,2576.811555400088309,250.496910747682364,188.495559215387573,2827.433388230813762,0.000000000000000,0.000000000000000,91.136065879608751,8.859515905498439,0.000000000000000
152.000000000000000,188,PAIGE MOUNTAIN,2019.000000000000000,6/22/2019 0:00:00,152.000000000000000,,,30.000000000000000,160,0.000000000000000,1093.639919644003839,1733.668541281944727,188.495559215387573,2827.433388230813762,0.000000000000000,0.000000000000000,38.679599816436983,61.315981783986032,0.000000000000000
153.000000000000000,189,PAIGE MOUNTAIN,2019.000000000000000,6/22/2019 0:00:00,153.000000000000000,,,30.000000000000000,161,0.000000000000000,1975.438304612684988,794.536734040847932,188.495559215387573,2827.433388230813762,0.000000000000000,0.000000000000000,69.866837989373792,28.100988597931455,0.000000000000000
154.000000000000000,190,PAIGE MOUNTAIN,2019.000000000000000,6/22/2019 0:00:00,154.000000000000000,,,30.000000000000000,162,0.000000000000000,1465.345041536159897,1316.672504416197853,188.495559215387573,2827.433388230813762,0.000000000000000,0.000000000000000,51.825979265706344,46.567763891338508,0.000000000000000
155.000000000000000,191,PAIGE MOUNTAIN,2019.000000000000000,6/22/2019 0:00:00,155.000000000000000,,,30.000000000000000,163,0.000000000000000,1193.533346082465869,0.000000000000000,188.495559215387573,2827.433388230813762,0.000000000000000,0.000000000000000,42.212607060896509,0.000000000000000,0.000000000000000
156.000000000000000,192,PAIGE MOUNTAIN,2019.000000000000000,6/22/2019 0:00:00,156.000000000000000,,,30.000000000000000,164,0.000000000000000,2157.354607604953799,668.625176324504423,188.495559215387573,2827.433388230813762,0.000000000000000,0.000000000000000,76.300811067201025,23.647778197274445,0.000000000000000
157.000000000000000,193,PAIGE MOUNTAIN,2019.000000000000000,6/22/2019 0:00:00,157.000000000000000,,,30.000000000000000,165,0.000000000000000,2827.308481369324909,0.000000000000000,188.495559215387573,2827.433388230813762,0.000000000000000,0.000000000000000,99.995582323459544,0.000000000000000,0.000000000000000
158.000000000000000,194,PAIGE MOUNTAIN,2019.000000000000000,6/22/2019 0:00:00,158.000000000000000,,,30.000000000000000,166,0.000000000000000,2827.308481356020366,0.000000000000000,188.495559215387573,2827.433388230813762,0.000000000000000,0.000000000000000,99.995582322988994,0.000000000000000,0.000000000000000
159.000000000000000,195,PAIGE MOUNTAIN,2019.000000000000000,6/22/2019 0:00:00,159.000000000000000,,,30.000000000000000,167,2827.308481347086399,0.000000000000000,0.000000000000000,188.495559215387573,2827.433388230813762,0.000000000000000,99.995582322673016,0.000000000000000,0.000000000000000,0.000000000000000
160.000000000000000,196,PAIGE MOUNTAIN,2019.000000000000000,6/22/2019 0:00:00,160.000000000000000,,,30.000000000000000,168,500.599359559136587,2042.484566060648149,284.224552337684486,188.495559215387573,2827.433388230813762,0.000000000000000,17.705080573883031,72.238114417212671,10.052387211694134,0.000000000000000
161.000000000000000,197,PAIGE MOUNTAIN,2019.000000000000000,6/22/2019 0:00:00,161.000000000000000,,,30.000000000000000,169,0.000000000000000,2827.308481356369157,0.000000000000000,188.495559215387573,2827.433388230813762,0.000000000000000,0.000000000000000,99.995582323001329,0.000000000000000,0.000000000000000
162.000000000000000,198,PAIGE MOUNTAIN,2019.000000000000000,6/22/2019 0:00:00,162.000000000000000,,,30.000000000000000,170,0.000000000000000,2583.107948429712906,244.200524550394022,188.495559215387573,2827.433388230813762,0.000000000000000,0.000000000000000,91.358755229456335,8.636826797295322,0.000000000000000
163.000000000000000,199,PAIGE MOUNTAIN,2019.000000000000000,6/22/2019 0:00:00,163.000000000000000,,,30.000000000000000,171,0.000000000000000,2827.308481366346768,0.000000000000000,188.495559215387573,2827.433388230813762,0.000000000000000,0.000000000000000,99.995582323354213,0.000000000000000,0.000000000000000
164.000000000000000,200,PAIGE MOUNTAIN,2019.000000000000000,6/22/2019 0:00:00,164.000000000000000,,,30.000000000000000,172,43.423980235164898,2388.447131673872263,395.437392303074262,188.495559215387573,2827.433388230813762,0.000000000000000,1.535809134033613,84.474037182123510,13.985736815200728,0.000000000000000
165.000000000000000,201,PAIGE MOUNTAIN,2019.000000000000000,6/22/2019 0:00:00,165.000000000000000,,,30.000000000000000,173,0.000000000000000,2827.308481384210609,0.000000000000000,188.495559215387573,2827.433388230813762,0.000000000000000,0.000000000000000,99.995582323986014,0.000000000000000,0.000000000000000
166.000000000000000,202,PAIGE MOUNTAIN,2019.000000000000000,6/22/2019 0:00:00,166.000000000000000,,,30.000000000000000,174,279.888161973333638,1182.156839259531807,1365.263464600220004,188.495559215387573,2827.433388230813762,0.000000000000000,9.899018775769134,41.810245439565705,48.286317558642644,0.000000000000000
167.000000000000000,203,PAIGE MOUNTAIN,2019.000000000000000,6/22/2019 0:00:00,167.000000000000000,,,30.000000000000000,175,2100.264796265132190,727.043683031153932,0.000000000000000,188.495559215387573,2827.433388230813762,0.000000000000000,74.281672028330732,25.713910221810067,0.000000000000000,0.000000000000000
168.000000000000000,204,PAIGE MOUNTAIN,2019.000000000000000,6/22/2019 0:00:00,168.000000000000000,,,30.000000000000000,176,2687.454819890627732,139.853636608142693,0.000000000000000,188.495559215387573,2827.433388230813762,0.000000000000000,95.049270871496162,4.946310572347458,0.000000000000000,0.000000000000000
169.000000000000000,205,PAIGE MOUNTAIN,2019.000000000000000,6/22/2019 0:00:00,169.000000000000000,,,30.000000000000000,177,2666.734888461342507,160.573579949928643,0.000000000000000,188.495559215387573,2827.433388230813762,0.000000000000000,94.316453203163746,5.679128661998400,0.000000000000000,0.000000000000000
170.000000000000000,206,PAIGE MOUNTAIN,2019.000000000000000,6/22/2019 0:00:00,170.000000000000000,,,30.000000000000000,178,1558.229548843393559,1269.078959868951415,0.000000000000000,188.495559215387573,2827.433388230813762,0.000000000000000,55.111096704506679,44.884486586014376,0.000000000000000,0.000000000000000
171.000000000000000,207,PAIGE MOUNTAIN,2019.000000000000000,6/22/2019 0:00:00,171.000000000000000,,,30.000000000000000,179,1566.198059924565996,1260.552736852466069,0.557676536530555,188.495559215387573,2827.433388230813762,0.000000000000000,55.392925132873593,44.582933132908259,0.019723772763379,0.000000000000000
172.000000000000000,208,PAIGE MOUNTAIN,2019.000000000000000,6/22/2019 0:00:00,172.000000000000000,,,30.000000000000000,180,752.248849693143256,1954.355354529906663,120.704231818771220,188.495559215387573,2827.433388230813762,0.000000000000000,26.605360636412435,69.121181162566288,4.269038921348328,0.000000000000000
173.000000000000000,209,PAIGE MOUNTAIN,2019.000000000000000,6/22/2019 0:00:00,173.000000000000000,,,30.000000000000000,181,1583.287640549965545,0.000000000000000,0.000000000000000,188.495559215387573,2827.433388230813762,0.000000000000000,55.997345406629115,0.000000000000000,0.000000000000000,0.000000000000000
174.000000000000000,210,PAIGE MOUNTAIN,2019.000000000000000,6/22/2019 0:00:00,174.000000000000000,,,30.000000000000000,182,2378.115627248961118,161.866857298890551,0.000000000000000,188.495559215387573,2827.433388230813762,0.000000000000000,84.108634960167876,5.724868991526415,0.000000000000000,0.000000000000000
175.000000000000000,211,PAIGE MOUNTAIN,2019.000000000000000,6/22/2019 0:00:00,175.000000000000000,,,30.000000000000000,183,2461.931588135832953,365.376909016941852,0.000000000000000,188.495559215387573,2827.433388230813762,0.000000000000000,87.073018179088450,12.922564702596445,0.000000000000000,0.000000000000000
178.000000000000000,214,PAIGE MOUNTAIN,2019.000000000000000,6/22/2019 0:00:00,178.000000000000000,,,30.000000000000000,184,1117.581973263985219,1486.583642043878172,0.000000000000000,188.495559215387573,2827.433388230813762,0.000000000000000,39.526376745635041,52.577141100185763,0.000000000000000,0.000000000000000
176.000000000000000,212,PAIGE MOUNTAIN,2019.000000000000000,6/22/2019 0:00:00,176.000000000000000,,,30.000000000000000,185,118.476346040390425,2110.364258688833615,598.467837877224497,188.495559215387573,2827.433388230813762,0.000000000000000,4.190243580398676,74.638867443286941,21.166469928817623,0.000000000000000
177.000000000000000,213,PAIGE MOUNTAIN,2019.000000000000000,6/22/2019 0:00:00,177.000000000000000,,,30.000000000000000,186,2377.916399430495403,449.392082949839676,0.000000000000000,188.495559215387573,2827.433388230813762,0.000000000000000,84.101588717476702,15.893993641740009,0.000000000000000,0.000000000000000
179.000000000000000,215,PAIGE MOUNTAIN,2019.000000000000000,6/22/2019 0:00:00,179.000000000000000,,,30.000000000000000,187,1657.757155276829053,1055.380398187971423,0.000000000000000,188.495559215387573,2827.433388230813762,0.000000000000000,58.631165712948011,37.326446047535214,0.000000000000000,0.000000000000000
180.000000000000000,216,PAIGE MOUNTAIN,2019.000000000000000,6/22/2019 0:00:00,180.000000000000000,,,30.000000000000000,188,1536.296412721449315,392.352333583510074,0.000000000000000,188.495559215387573,2827.433388230813762,0.000000000000000,54.335370697547823,13.876625182990196,0.000000000000000,0.000000000000000
181.000000000000000,217,PAIGE MOUNTAIN,2019.000000000000000,6/22/2019 0:00:00,181.000000000000000,,,30.000000000000000,189,2827.308481383424805,0.000000000000000,0.000000000000000,188.495559215387573,2827.433388230813762,0.000000000000000,99.995582323958232,0.000000000000000,0.000000000000000,0.000000000000000
182.000000000000000,218,PAIGE MOUNTAIN,2019.000000000000000,6/22/2019 0:00:00,182.000000000000000,,,30.000000000000000,190,1674.336430217346106,252.972037441438033,0.000000000000000,188.495559215387573,2827.433388230813762,0.000000000000000,59.217537615095317,8.947055605073976,0.000000000000000,0.000000000000000
183.000000000000000,219,PAIGE MOUNTAIN,2019.000000000000000,6/22/2019 0:00:00,183.000000000000000,,,30.000000000000000,191,2827.308481365874286,0.000000000000000,0.000000000000000,188.495559215387573,2827.433388230813762,0.000000000000000,99.995582323337501,0.000000000000000,0.000000000000000,0.000000000000000
184.000000000000000,220,PAIGE MOUNTAIN,2019.000000000000000,6/22/2019 0:00:00,184.000000000000000,,,30.000000000000000,192,2825.183918462403653,2.124546540456767,0.000000000000000,188.495559215387573,2827.433388230813762,0.000000000000000,99.920441281560386,0.075140463053884,0.000000000000000,0.000000000000000
185.000000000000000,221,SUNSHINE MOUNTAIN,2019.000000000000000,6/14/2019 0:00:00,185.000000000000000,,,30.000000000000000,193,0.000000000000000,2672.816907194451232,154.491581537624342,188.495559215387573,2827.433388230813762,0.000000000000000,0.000000000000000,94.531560613241922,5.464021970621669,0.000000000000000
186.000000000000000,222,SUNSHINE MOUNTAIN,2019.000000000000000,6/14/2019 0:00:00,186.000000000000000,,,30.000000000000000,194,0.000000000000000,2827.308481389500685,0.000000000000000,188.495559215387573,2827.433388230813762,0.000000000000000,0.000000000000000,99.995582324173114,0.000000000000000,0.000000000000000
187.000000000000000,223,SUNSHINE MOUNTAIN,2019.000000000000000,6/14/2019 0:00:00,187.000000000000000,,,30.000000000000000,195,0.000000000000000,2827.308481371309426,0.000000000000000,188.495559215387573,2827.433388230813762,0.000000000000000,0.000000000000000,99.995582323529732,0.000000000000000,0.000000000000000
188.000000000000000,224,SUNSHINE MOUNTAIN,2019.000000000000000,6/14/2019 0:00:00,188.000000000000000,,,30.000000000000000,196,0.000000000000000,2827.308481376770942,0.000000000000000,188.495559215387573,2827.433388230813762,0.000000000000000,0.000000000000000,99.995582323722900,0.000000000000000,0.000000000000000
189.000000000000000,225,SUNSHINE MOUNTAIN,2019.000000000000000,6/14/2019 0:00:00,189.000000000000000,,,30.000000000000000,197,0.000000000000000,2747.110529493688773,80.197961149456447,188.495559215387573,2827.433388230813762,0.000000000000000,0.000000000000000,97.159159997492111,2.836422653961728,0.000000000000000
190.000000000000000,226,SUNSHINE MOUNTAIN,2019.000000000000000,6/14/2019 0:00:00,190.000000000000000,,,30.000000000000000,198,0.000000000000000,2827.308481388558448,0.000000000000000,188.495559215387573,2827.433388230813762,0.000000000000000,0.000000000000000,99.995582324139804,0.000000000000000,0.000000000000000
191.000000000000000,227,SUNSHINE MOUNTAIN,2019.000000000000000,6/14/2019 0:00:00,191.000000000000000,,,30.000000000000000,199,666.030645504551330,2161.277844115333210,0.000000000000000,188.495559215387573,2827.433388230813762,0.000000000000000,23.556015440607819,76.439567174655579,0.000000000000000,0.000000000000000
192.000000000000000,228,SUNSHINE MOUNTAIN,2019.000000000000000,6/14/2019 0:00:00,192.000000000000000,,,30.000000000000000,200,0.000000000000000,1537.148316092095911,1290.160167493788094,188.495559215387573,2827.433388230813762,0.000000000000000,0.000000000000000,54.365500615875618,45.630081785978675,0.000000000000000
193.000000000000000,229,MUNSON CREEK,2021.000000000000000,6/19/2021 0:00:00,193.000000000000000,,,30.000000000000000,201,0.000000000000000,49.670175962642126,0.000000000000000,188.495559215387573,2827.433388230813762,0.000000000000000,0.000000000000000,1.756723117488608,0.000000000000000,0.000000000000000
194.000000000000000,230,MUNSON CREEK,2021.000000000000000,6/19/2021 0:00:00,194.000000000000000,,,30.000000000000000,202,0.000000000000000,0.000000000000000,0.000000000000000,188.495559215387573,2827.433388230813762,0.000000000000000,0.000000000000000,0.000000000000000,0.000000000000000,0.000000000000000
234.000000000000000,270,MUNSON CREEK,2021.000000000000000,6/19/2021 0:00:00,234.000000000000000,,,30.000000000000000,203,0.000000000000000,0.000000000000000,0.000000000000000,188.495559215387573,2827.433388230813762,0.000000000000000,0.000000000000000,0.000000000000000,0.000000000000000,0.000000000000000
235.000000000000000,271,MUNSON CREEK,2021.000000000000000,6/19/2021 0:00:00,235.000000000000000,,,30.000000000000000,204,202.019807812128448,1474.780630661424766,1150.508032161106257,188.495559215387573,2827.433388230813762,0.000000000000000,7.144989114616653,52.159694965766356,40.690897863415415,0.000000000000000
195.000000000000000,231,MUNSON CREEK,2021.000000000000000,6/19/2021 0:00:00,195.000000000000000,,,30.000000000000000,205,0.000000000000000,1692.356450720662906,1134.952021591114999,188.495559215387573,2827.433388230813762,0.000000000000000,0.000000000000000,59.854865467922025,40.140716535192325,0.000000000000000
196.000000000000000,232,MUNSON CREEK,2021.000000000000000,6/19/2021 0:00:00,196.000000000000000,,,30.000000000000000,206,0.000000000000000,889.368652869788434,1937.939820105542367,188.495559215387573,2827.433388230813762,0.000000000000000,0.000000000000000,31.454981630045957,68.540600396536774,0.000000000000000
197.000000000000000,233,MUNSON CREEK,2021.000000000000000,6/19/2021 0:00:00,197.000000000000000,,,30.000000000000000,207,0.000000000000000,1848.779027515643520,978.529446437734464,188.495559215387573,2827.433388230813762,0.000000000000000,0.000000000000000,65.387182425275967,34.608399635898110,0.000000000000000
198.000000000000000,234,MUNSON CREEK,2021.000000000000000,6/19/2021 0:00:00,198.000000000000000,,,30.000000000000000,208,0.000000000000000,2251.550344918319297,575.758133357154293,188.495559215387573,2827.433388230813762,0.000000000000000,0.000000000000000,79.632303780891661,20.363278433145286,0.000000000000000
199.000000000000000,235,MUNSON CREEK,2021.000000000000000,6/19/2021 0:00:00,199.000000000000000,,,30.000000000000000,209,0.000000000000000,2695.717817304642722,131.590651652521416,188.495559215387573,2827.433388230813762,0.000000000000000,0.000000000000000,95.341514623317508,4.654067261151660,0.000000000000000
200.000000000000000,236,MUNSON CREEK,2021.000000000000000,6/19/2021 0:00:00,200.000000000000000,,,30.000000000000000,210,0.000000000000000,2827.308481383144226,0.000000000000000,188.495559215387573,2827.433388230813762,0.000000000000000,0.000000000000000,99.995582323948312,0.000000000000000,0.000000000000000
201.000000000000000,237,MUNSON CREEK,2021.000000000000000,6/19/2021 0:00:00,201.000000000000000,,,30.000000000000000,211,0.000000000000000,2796.287281847703980,31.021191588294997,188.495559215387573,2827.433388230813762,0.000000000000000,0.000000000000000,98.898431824680458,1.097150218195083,0.000000000000000
204.000000000000000,240,MUNSON CREEK,2021.000000000000000,6/19/2021 0:00:00,204.000000000000000,,,30.000000000000000,212,0.000000000000000,137.509087168246793,2689.799385500748940,188.495559215387573,2827.433388230813762,0.000000000000000,0.000000000000000,4.863389098417954,95.132192917330400,0.000000000000000
203.000000000000000,239,MUNSON CREEK,2021.000000000000000,6/19/2021 0:00:00,203.000000000000000,,,30.000000000000000,213,0.000000000000000,0.000000000000000,2827.308481374125677,188.495559215387573,2827.433388230813762,0.000000000000000,0.000000000000000,0.000000000000000,99.995582323629336,0.000000000000000
202.000000000000000,238,MUNSON CREEK,2021.000000000000000,6/19/2021 0:00:00,202.000000000000000,,,30.000000000000000,214,0.000000000000000,989.386478513149200,1837.922015182742143,188.495559215387573,2827.433388230813762,0.000000000000000,0.000000000000000,34.992388596366887,65.003194163055767,0.000000000000000
205.000000000000000,241,MUNSON CREEK,2021.000000000000000,6/19/2021 0:00:00,205.000000000000000,,,30.000000000000000,215,0.000000000000000,2784.096903830505198,43.211579337590969,188.495559215387573,2827.433388230813762,0.000000000000000,0.000000000000000,98.467285398103570,1.528296988974491,0.000000000000000
206.000000000000000,242,MUNSON CREEK,2021.000000000000000,6/19/2021 0:00:00,206.000000000000000,,,30.000000000000000,216,0.000000000000000,2827.308481363580540,0.000000000000000,188.495559215387573,2827.433388230813762,0.000000000000000,0.000000000000000,99.995582323256386,0.000000000000000,0.000000000000000
207.000000000000000,243,MUNSON CREEK,2021.000000000000000,6/19/2021 0:00:00,207.000000000000000,,,30.000000000000000,217,394.023585695898873,2433.284886165988610,0.000000000000000,188.495559215387573,2827.433388230813762,0.000000000000000,13.935733635176742,86.059848352025995,0.000000000000000,0.000000000000000
208.000000000000000,244,MUNSON CREEK,2021.000000000000000,6/19/2021 0:00:00,208.000000000000000,,,30.000000000000000,218,0.000000000000000,2041.018373160423835,786.290113621445357,188.495559215387573,2827.433388230813762,0.000000000000000,0.000000000000000,72.186258451080022,27.809324063809125,0.000000000000000
209.000000000000000,245,MUNSON CREEK,2021.000000000000000,6/19/2021 0:00:00,209.000000000000000,,,30.000000000000000,219,20.029526097919586,2223.226474851316652,584.052460325538050,188.495559215387573,2827.433388230813762,0.000000000000000,0.708399574727117,78.630551796745863,20.656630241287218,0.000000000000000
210.000000000000000,246,MUNSON CREEK,2021.000000000000000,6/19/2021 0:00:00,210.000000000000000,,,30.000000000000000,220,886.557226907318864,372.891933229861763,1567.859292789115898,188.495559215387573,2827.433388230813762,0.000000000000000,31.355547776920638,13.188354313916776,55.451679226655784,0.000000000000000
211.000000000000000,247,MUNSON CREEK,2021.000000000000000,6/19/2021 0:00:00,211.000000000000000,,,30.000000000000000,221,516.241689902616145,0.863910414585169,0.000000000000000,188.495559215387573,2827.433388230813762,0.000000000000000,18.258314839581057,0.030554580637733,0.000000000000000,0.000000000000000
212.000000000000000,248,MUNSON CREEK,2021.000000000000000,6/19/2021 0:00:00,212.000000000000000,,,30.000000000000000,222,0.000000000000000,0.000000000000000,2240.078497908807094,188.495559215387573,2827.433388230813762,587.229973988331949,0.000000000000000,0.000000000000000,79.226570190234355,20.769011798215146
213.000000000000000,249,MUNSON CREEK,2021.000000000000000,6/19/2021 0:00:00,213.000000000000000,,,30.000000000000000,223,0.000000000000000,3.029793930970773,2824.278701919714422,188.495559215387573,2827.433388230813762,0.000000000000000,0.000000000000000,0.107157040147516,99.888425795485375,0.000000000000000
214.000000000000000,250,MUNSON CREEK,2021.000000000000000,6/19/2021 0:00:00,214.000000000000000,,,30.000000000000000,224,0.000000000000000,2826.284010317313459,1.024483660428947,188.495559215387573,2827.433388230813762,0.000000000000000,0.000000000000000,99.959349071907951,0.036233697483143,0.000000000000000
215.000000000000000,251,MUNSON CREEK,2021.000000000000000,6/19/2021 0:00:00,215.000000000000000,,,30.000000000000000,225,0.000000000000000,2827.308481358521021,0.000000000000000,188.495559215387573,2827.433388230813762,0.000000000000000,0.000000000000000,99.995582323077443,0.000000000000000,0.000000000000000
216.000000000000000,252,MUNSON CREEK,2021.000000000000000,6/19/2021 0:00:00,216.000000000000000,,,30.000000000000000,226,853.065927759542888,1974.242552238628605,0.000000000000000,188.495559215387573,2827.433388230813762,0.000000000000000,30.171035374712211,69.824546900252699,0.000000000000000,0.000000000000000
217.000000000000000,253,MUNSON CREEK,2021.000000000000000,6/19/2021 0:00:00,217.000000000000000,,,30.000000000000000,227,402.497118336619167,2424.811373382042802,0.000000000000000,188.495559215387573,2827.433388230813762,0.000000000000000,14.235423547448109,85.760159142044358,0.000000000000000,0.000000000000000
218.000000000000000,254,MUNSON CREEK,2021.000000000000000,6/19/2021 0:00:00,218.000000000000000,,,30.000000000000000,228,560.265965091280123,2267.042524882436737,0.000000000000000,188.495559215387573,2827.433388230813762,0.000000000000000,19.815355064539670,80.180227563237992,0.000000000000000,0.000000000000000
219.000000000000000,255,MUNSON CREEK,2021.000000000000000,6/19/2021 0:00:00,219.000000000000000,,,30.000000000000000,229,0.000000000000000,2586.360398284724397,240.948071170143749,188.495559215387573,2827.433388230813762,0.000000000000000,0.000000000000000,91.473787112030465,8.521794790041373,0.000000000000000
220.000000000000000,256,MUNSON CREEK,2021.000000000000000,6/19/2021 0:00:00,220.000000000000000,,,30.000000000000000,230,1570.708871413863790,1059.848455805075446,196.751125699105216,188.495559215387573,2827.433388230813762,0.000000000000000,55.552462454179697,37.484471259931098,6.958647603090543,0.000000000000000
221.000000000000000,257,MUNSON CREEK,2021.000000000000000,6/19/2021 0:00:00,221.000000000000000,,,30.000000000000000,231,1753.324422454528303,1073.984065144863052,0.000000000000000,188.495559215387573,2827.433388230813762,0.000000000000000,62.011166372751269,37.984416171051798,0.000000000000000,0.000000000000000
222.000000000000000,258,MUNSON CREEK,2021.000000000000000,6/19/2021 0:00:00,222.000000000000000,,,30.000000000000000,232,2108.355107374222371,572.300155643397716,146.653180823240376,188.495559215387573,2827.433388230813762,0.000000000000000,74.567808251478056,20.240977489535069,5.186795255148501,0.000000000000000
223.000000000000000,259,MUNSON CREEK,2021.000000000000000,6/19/2021 0:00:00,223.000000000000000,,,30.000000000000000,233,631.015143319443155,1631.554594283733195,564.738736106879287,188.495559215387573,2827.433388230813762,0.000000000000000,22.317595383362256,57.704439689899544,19.973546979306505,0.000000000000000
224.000000000000000,260,MUNSON CREEK,2021.000000000000000,6/19/2021 0:00:00,224.000000000000000,,,30.000000000000000,234,0.000000000000000,2746.393162841422054,80.915322352306603,188.495559215387573,2827.433388230813762,0.000000000000000,0.000000000000000,97.133788342221550,2.861794116498605,0.000000000000000
225.000000000000000,261,MUNSON CREEK,2021.000000000000000,6/19/2021 0:00:00,225.000000000000000,,,30.000000000000000,235,0.000000000000000,2426.885279242801971,400.423206387119080,188.495559215387573,2827.433388230813762,0.000000000000000,0.000000000000000,85.833508557432609,14.162073916714712,0.000000000000000
226.000000000000000,262,MUNSON CREEK,2021.000000000000000,6/19/2021 0:00:00,226.000000000000000,,,30.000000000000000,236,1309.823486177303948,1517.484959793735470,0.000000000000000,188.495559215387573,2827.433388230813762,0.000000000000000,46.325529422883726,53.670051648617566,0.000000000000000,0.000000000000000
227.000000000000000,263,MUNSON CREEK,2021.000000000000000,6/19/2021 0:00:00,227.000000000000000,,,30.000000000000000,237,0.000000000000000,0.000000000000000,0.000000000000000,188.495559215387573,2827.433388230813762,0.000000000000000,0.000000000000000,0.000000000000000,0.000000000000000,0.000000000000000
228.000000000000000,264,MUNSON CREEK,2021.000000000000000,6/19/2021 0:00:00,228.000000000000000,,,30.000000000000000,238,2808.041775057408813,19.266716337772166,0.000000000000000,188.495559215387573,2827.433388230813762,0.000000000000000,99.314161979761479,0.681420698290182,0.000000000000000,0.000000000000000
229.000000000000000,265,MUNSON CREEK,2021.000000000000000,6/19/2021 0:00:00,229.000000000000000,,,30.000000000000000,239,1295.201317429454093,1532.107149397425246,0.000000000000000,188.495559215387573,2827.433388230813762,0.000000000000000,45.808375992896146,54.187205816229600,0.000000000000000,0.000000000000000
230.000000000000000,266,MUNSON CREEK,2021.000000000000000,6/19/2021 0:00:00,230.000000000000000,,,30.000000000000000,240,530.418092126642932,2268.850938114824203,28.039425132723071,188.495559215387573,2827.433388230813762,0.000000000000000,18.759702503850566,80.244187097701825,0.991691802517333,0.000000000000000
231.000000000000000,267,MUNSON CREEK,2021.000000000000000,6/19/2021 0:00:00,231.000000000000000,,,30.000000000000000,241,258.326475775859876,2150.432837845753966,418.549198919800233,188.495559215387573,2827.433388230813762,0.000000000000000,9.136430122497080,76.056003540063116,14.803149763386486,0.000000000000000
232.000000000000000,268,MUNSON CREEK,2021.000000000000000,6/19/2021 0:00:00,232.000000000000000,,,30.000000000000000,242,683.591080862507283,2143.716991303539999,0.000000000000000,188.495559215387573,2827.433388230813762,0.000000000000000,24.177088793955463,75.818479056898667,0.000000000000000,0.000000000000000
