system:index,2016_06_04_ndvi,2016_06_04_ndwi,2016_06_11_ndvi,2016_06_11_ndwi,2016_06_18_ndvi,2016_06_18_ndwi,2016_06_24_ndvi,2016_06_24_ndwi,2016_07_01_ndvi,2016_07_01_ndwi,2016_07_08_ndvi,2016_07_08_ndwi,2016_07_14_ndvi,2016_07_14_ndwi,2016_07_21_ndvi,2016_07_21_ndwi,2016_07_28_ndvi,2016_07_28_ndwi,2016_08_03_ndvi,2016_08_03_ndwi,2016_08_10_ndvi,2016_08_10_ndwi,2016_08_17_ndvi,2016_08_17_ndwi,2016_08_23_ndvi,2016_08_23_ndwi,2016_08_30_ndvi,2016_08_30_ndwi,BUFF_DIST,Beaver_P_1,Beaver_P_2,Beaver_P_3,Beaver_P_4,Beaver_P_5,Beaver_P_6,Beaver_Pon,Control_Po,ORIG_FID,Shape_Area,Shape_Leng,.geo
00000000000000000018,,,0.530606984453396,-0.41114855153878266,,,0.6792702611425258,-0.5163459834480681,,,0.21558355594061498,-0.20845534096787144,0.05179239292271255,-0.029681602178337388,,,,,0.048319767023890854,-0.10968236431272223,0.046732161252215944,-0.043867396515662405,,,,,0.3032074195259226,-0.1754720866763401,30.0,HOGATZA RIVER,2016.0,1466924400000,25.0,Y,,34,25.0,25,2827.43338823,188.495559215,"{""type"":""Polygon"",""coordinates"":[[[-153.71005900887636,66.78509375948053],[-153.71004833057222,66.78504906092758],[-153.71001496303998,66.78500876095298],[-153.7099704947398,66.78496844155214],[-153.70991481088458,66.78493260682401],[-153.70983643794392,66.78490117062032],[-153.70974684946367,66.78487421904163],[-153.7096458520153,66.78485614375626],[-153.70954492610525,66.78484260585303],[-153.70944399315957,66.7848334929156],[-153.7093316510018,66.78483325622216],[-153.70921907887677,66.78484202764449],[-153.70911778667656,66.78485527685604],[-153.70901667350086,66.78487298437906],[-153.7089376397469,66.7848996599927],[-153.70885859861176,66.78493076059901],[-153.7087909158515,66.78496645148884],[-153.7087455354084,66.78500652737837],[-153.70872262162854,66.78504678808298],[-153.70869962204821,66.7850913614136],[-153.7087104844618,66.785136093396],[-153.7087322688155,66.78517638652048],[-153.7087656347995,66.7852166868113],[-153.7088213108305,66.78525694708301],[-153.70888858297383,66.78528836440218],[-153.70896676999521,66.78531976785386],[-153.70906765416512,66.78534234781542],[-153.70916846707527,66.78536039024169],[-153.70926940213036,66.78536950343404],[-153.7093817395535,66.78537416526437],[-153.709482911514,66.78536984502092],[-153.70959537786024,66.78536115246018],[-153.7096967864004,66.78534339877565],[-153.7097868065757,66.78532124623882],[-153.70986595520966,66.78529006597674],[-153.70993370846082,66.78525891195501],[-153.70999029600995,66.78521877596503],[-153.71003548824962,66.78517866625005],[-153.71005858628362,66.78513843862116],[-153.71005900887636,66.78509375948053]]]}"
0000000000000000001a,0.049511395407050914,-0.046745810032639556,0.5623044274429323,-0.4306902810153503,,,0.6743526424218107,-0.5169934463719501,,,0.5510091214284754,-0.429521945650558,0.034558667814708545,-0.03020343320311324,,,,,,,0.09360128017557878,-0.07379190736415846,-0.06059423219060975,-0.029727480254565838,,,0.4081830734957214,-0.278635562776866,30.0,HOGATZA RIVER,2016.0,1466924400000,27.0,Y,,36,27.0,27,2827.43338823,188.495559215,"{""type"":""Polygon"",""coordinates"":[[[-153.7161101001751,66.79281832830199],[-153.7160992205624,66.79277359569116],[-153.71606601958604,66.79273332939182],[-153.7160215284372,66.79269301078145],[-153.71596563351022,66.79265714408005],[-153.71588741736048,66.7926257436365],[-153.71579779744806,66.79259879505427],[-153.7156968815752,66.79257621923661],[-153.71559592479846,66.79256268514469],[-153.71549476986746,66.79255796794604],[-153.71538247589265,66.7925578482929],[-153.71526998951444,66.79256212035621],[-153.71516867355317,66.79257537408665],[-153.71506734548439,66.79259747804798],[-153.71498848397292,66.79262419095338],[-153.7149093220351,66.7926553746944],[-153.71484155203515,66.79269095688255],[-153.71479624869062,66.7927311480948],[-153.71476215701085,66.79277127929679],[-153.71475034575425,66.79281598621719],[-153.7147611505871,66.79285618133602],[-153.71478313203676,66.79290093310586],[-153.71481633146357,66.79294119971965],[-153.71487222576,66.79297706692184],[-153.7149392242717,66.79301295316745],[-153.7150177410607,66.79303988331937],[-153.71511846615422,66.79306685152277],[-153.71521950347758,66.79308049844124],[-153.7153204622877,66.79309403286942],[-153.71543283719433,66.79309426502658],[-153.71553392156554,66.79309444473469],[-153.71564652963312,66.79308124307738],[-153.71574784707147,66.7930679889878],[-153.71583799925557,66.79304132793149],[-153.71591686079537,66.79301461449265],[-153.71598473759892,66.79297895263701],[-153.7160412159842,66.79294331751088],[-153.71608670386686,66.79290315916468],[-153.71610961670598,66.79285847103993],[-153.7161101001751,66.79281832830199]]]}"
0000000000000000001c,0.2091711399862651,-0.17922948896590926,0.44775480979736865,-0.296194130769748,,,0.6194132607495333,-0.4673223345529451,,,0.44466916088148994,-0.2719888040794131,0.01590355417744871,-0.00524568246742844,,,,,0.18638599503133246,-0.16156912665765294,,,0.10695689803341571,-0.08111716272585646,,,0.3688788387698424,-0.25597706296015543,30.0,HOGATZA RIVER,2016.0,1466924400000,29.0,Y,,40,29.0,29,2827.43338823,188.495559215,"{""type"":""Polygon"",""coordinates"":[[[-153.7708127341426,66.80226132608112],[-153.7708018394413,66.80222113307188],[-153.77076865197338,66.80217637339967],[-153.77072396515447,66.80214057511918],[-153.77065669528056,66.80210468142224],[-153.7705896120715,66.80206882096567],[-153.77049982046506,66.8020464119473],[-153.77039884508264,66.80202387602529],[-153.77029784829648,66.80201038238329],[-153.77018556364095,66.80200126634371],[-153.77008428365053,66.80200109465656],[-153.76997187688036,66.80200995075006],[-153.76987049983526,66.80202313428022],[-153.76976910092185,66.80204536008242],[-153.76967899341045,66.8020676335937],[-153.7696112931101,66.80210324562444],[-153.76954348493405,66.80213893674154],[-153.76949818109247,66.80217461104446],[-153.76946406818072,66.80221926310502],[-153.76945245625743,66.80225947296712],[-153.76945213955838,66.80230415606438],[-153.76947421988436,66.80234890151394],[-153.76951880148786,66.80238920476184],[-153.769574779147,66.80242505125592],[-153.76964186225237,66.80246091225705],[-153.76972025905232,66.8024877786559],[-153.7698101307133,66.80251030063566],[-153.76991102538753,66.80252829924387],[-153.77002342007447,66.80253733644378],[-153.77012459815862,66.80254201275896],[-153.7702370895676,66.80253769437452],[-153.77034949837824,66.80252883807609],[-153.77045098087996,66.8025111496368],[-153.7705409812272,66.80248895470542],[-153.77061998008242,66.80246224072093],[-153.77068778722378,66.80242654900825],[-153.77074419478376,66.80239088868444],[-153.77078960090623,66.8023507093628],[-153.77080120695305,66.80230607391451],[-153.7708127341426,66.80226132608112]]]}"
0000000000000000001d,0.18491996537592784,-0.15943698666522155,0.3751098557480044,-0.24690891657440067,,,0.5858447516861104,-0.44468788447499846,,,0.30440806934785836,-0.22746020913965329,0.01985315290552902,-0.011845716482983286,,,,,0.130476381795637,-0.12003224387223793,,,0.12747415513035215,-0.09161298604364262,,,0.36612819303908944,-0.26378441756453,30.0,HOGATZA RIVER,2016.0,1466924400000,30.0,Y,,41,30.0,30,2827.43338823,188.495559215,"{""type"":""Polygon"",""coordinates"":[[[-153.76999758352346,66.80421788410658],[-153.76997550036882,66.80417313846614],[-153.769953313259,66.80413289739732],[-153.7698974352481,66.80409254625509],[-153.76984163985304,66.80405673293308],[-153.7697631555896,66.80402532857381],[-153.7696734614467,66.80399841420807],[-153.76958377103054,66.80397592523082],[-153.76948258003227,66.80396239750851],[-153.76937018253463,66.80395778516207],[-153.76925778853627,66.803957598164],[-153.76915658277426,66.80396196347962],[-153.76904398372866,66.80397521086876],[-153.76895397644148,66.80399740477449],[-153.76886386473345,66.80402410318109],[-153.76878475458773,66.80405532069604],[-153.76872834044727,66.8040909802549],[-153.76868292794674,66.80413115897124],[-153.76864891558134,66.80417130644533],[-153.76863719756201,66.8042160209923],[-153.76863687641074,66.8042562788703],[-153.76865906516196,66.80430094559046],[-153.76870364939083,66.80434124937136],[-153.76874833800142,66.80437704857665],[-153.76882653178524,66.80441292486502],[-153.76890512070605,66.80443982524753],[-153.76899470827502,66.80446681930057],[-153.76909590125538,66.80448034744278],[-153.76919690778323,66.80449384223915],[-153.76930930414395,66.80449402932543],[-153.76942170044674,66.80449421631609],[-153.7695230086423,66.80448092080009],[-153.76962431668613,66.80446762520528],[-153.7697146152879,66.80444095952753],[-153.76980472715778,66.80441426051759],[-153.76987243280232,66.80437864824157],[-153.7699289533222,66.80434290902897],[-153.76996315019957,66.80430279444764],[-153.76998597192897,66.80425809424479],[-153.76999758352346,66.80421788410658]]]}"
0000000000000000001e,0.18337772896273763,-0.16335735812266416,0.4281138135043374,-0.29056931471330044,,,0.5979078583149858,-0.46185314544744643,,,0.473232970513815,-0.28693297029901893,0.03229872287186333,-0.020260015389955883,,,,,0.12016727737999441,-0.10925630234524131,,,0.003555284024296883,-0.04294171690605879,,,0.39946084802369014,-0.31503506511411017,30.0,HOGATZA RIVER,2016.0,1466924400000,31.0,Y,,42,31.0,31,2827.43338823,188.495559215,"{""type"":""Polygon"",""coordinates"":[[[-153.7705061990823,66.80518402898446],[-153.77048411407813,66.80513928327883],[-153.770462219421,66.80509899630626],[-153.77041752369436,66.80505877209025],[-153.77035024608006,66.80502287782609],[-153.770271944832,66.80499150689617],[-153.77019346093394,66.80496452811501],[-153.77009236629794,66.80494207071912],[-153.76999135795126,66.80492857655577],[-153.76987906409656,66.8049238854419],[-153.7697665584821,66.80492377793212],[-153.76966545697127,66.80492806447148],[-153.76956396067848,66.80494132681767],[-153.76946255021204,66.80496355238888],[-153.7693724359971,66.80499025117226],[-153.76929343152312,66.8050213899213],[-153.7692369085841,66.8050571288948],[-153.76919160314964,66.80509722876262],[-153.76915748287615,66.80513745559176],[-153.7691458732104,66.80518209119394],[-153.7691455530175,66.80522234919665],[-153.7691676359333,66.8052670951019],[-153.76921222269112,66.80530739886076],[-153.76925691372588,66.80534319802983],[-153.7693354053109,66.80537902832245],[-153.7694137034226,66.8054059743807],[-153.76950358897724,66.80543292237306],[-153.76960449161652,66.80544649607637],[-153.7697167951023,66.8054600383922],[-153.7698180888124,66.8054602105728],[-153.76993059673327,66.80546031807503],[-153.77003190814946,66.80544702218658],[-153.77013311173,66.80543380534067],[-153.77023462706373,66.80540707465862],[-153.7703135272224,66.80538043989864],[-153.77038134205836,66.8053447481701],[-153.77043775601038,66.80530908778432],[-153.77047187428167,66.80526886057737],[-153.77049469573208,66.80522416016252],[-153.7705061990823,66.80518402898446]]]}"
0000000000000000001f,0.2465330370537384,-0.19041116766734462,0.5556145836342863,-0.41548676125965206,,,0.6790585133942869,-0.5245170816068759,,,0.31156250197048424,-0.22407143681009128,0.04715187712161338,-0.005116252087475737,,,,,,,,,,,,,0.21022596434392,-0.10361080080173513,30.0,HOGATZA RIVER,2016.0,1466924400000,32.0,Y,,43,32.0,32,2827.43338823,188.495559215,"{""type"":""Polygon"",""coordinates"":[[[-153.76969418208114,66.80807019376438],[-153.7696832855458,66.80802999998338],[-153.7696499046587,66.80798520592948],[-153.76960520450538,66.80794498104859],[-153.769549400496,66.80790916708561],[-153.76947090423533,66.80787776203061],[-153.76938120005747,66.80785527246023],[-153.76929149600005,66.80783278283279],[-153.7691789955265,66.80781920663597],[-153.76907797937363,66.80781013698792],[-153.76896556847805,66.80780994947965],[-153.76885294918557,66.80781877109938],[-153.76875162745392,66.80783206602048],[-153.768661606761,66.80785425976008],[-153.76857129164333,66.8078764992857],[-153.7684924640366,66.80790767093336],[-153.76843585510483,66.80794329735191],[-153.76837932829451,66.80798346163205],[-153.76835650108978,66.80802816194002],[-153.76834488584413,66.80806837230645],[-153.7683443818088,66.80811302284111],[-153.76836657073048,66.80815326465279],[-153.76839994984806,66.80819805902135],[-153.76845575323867,66.80823387348447],[-153.7685228511661,66.8082697358599],[-153.7686127464759,66.8082966848192],[-153.7687024518868,66.80831917495314],[-153.76880336945663,66.80833717504619],[-153.7689045742635,66.80834627821997],[-153.76901699108947,66.80835089131494],[-153.7691295084222,66.80834657419658],[-153.76923072766863,66.80833778361415],[-153.7693321549531,66.80831998371328],[-153.76942217635988,66.8082977895034],[-153.7695124881618,66.80827112388205],[-153.76958031146705,66.80823543240408],[-153.7696367325705,66.80819977218022],[-153.76967085182312,66.80815511942811],[-153.76969375922087,66.80811495673247],[-153.76969418208114,66.80807019376438]]]}"
00000000000000000020,0.19929435845874358,-0.17211537594855172,0.561751370833486,-0.41681326261414425,,,0.6790383367227487,-0.5232933259617977,,,0.3080628706606494,-0.22795014168273103,0.04232740122428029,-0.0023652888072611647,,,,,,,,,,,,,0.2163379395308817,-0.11466207141691484,30.0,HOGATZA RIVER,2016.0,1466924400000,33.0,Y,,44,33.0,33,2827.43338823,188.495559215,"{""type"":""Polygon"",""coordinates"":[[[-153.76950119017286,66.80826665053812],[-153.76949039786004,66.80822195210266],[-153.76945702062838,66.80818158347417],[-153.76941232035887,66.80814135850481],[-153.76935651610998,66.80810554443781],[-153.76927801938788,66.80807413924495],[-153.76918841870196,66.808047144907],[-153.7690986099223,66.808029159744],[-153.7689862951181,66.80801561663512],[-153.76888509162916,66.80800651355216],[-153.76877257208056,66.80800640498703],[-153.76866005947122,66.80801514731242],[-153.76855873679094,66.8080284420796],[-153.76846871172003,66.80804621019394],[-153.7683783991556,66.80807287508011],[-153.76829957067426,66.80810404661732],[-153.76824296102745,66.80813967296244],[-153.76818643347306,66.80817983717132],[-153.76816360236268,66.80822011196867],[-153.7681519901728,66.80826474782928],[-153.76815167237885,66.80830943165579],[-153.76817356698467,66.80834971936783],[-153.7682070503649,66.80839000919212],[-153.76826304396374,66.80843028252863],[-153.7683302464767,66.80846164040753],[-153.76841985158418,66.80849306086651],[-153.7685095576103,66.80851555115201],[-153.76861066246045,66.80853358468447],[-153.76871168152763,66.80854265474986],[-153.76882409927913,66.80854726802424],[-153.7689366175968,66.80854295108148],[-153.7690378377615,66.80853416065482],[-153.76913915832597,66.80851644002702],[-153.76922947488322,66.80849420009953],[-153.7693083030319,66.80846302797374],[-153.7693874252036,66.8084318099506],[-153.7694439510773,66.80839164517855],[-153.7694779668563,66.80835149708166],[-153.7695008747123,66.80831133440424],[-153.76950119017286,66.80826665053812]]]}"
00000000000000000021,0.15716230400993894,-0.143839644169439,0.5831110476640292,-0.42834880627005206,,,0.6821261154650212,-0.510731725846664,,,0.5533036026589027,-0.4425021689928239,0.08994251475573987,-0.01631654283071082,,,,,0.03570917289533596,-0.030372911629309475,,,0.0076329187141397,-0.0458851342554434,,,0.1516841898359158,-0.047329863260071624,30.0,HOGATZA RIVER,2016.0,1466924400000,34.0,Y,,45,34.0,34,2827.43338823,188.495559215,"{""type"":""Polygon"",""coordinates"":[[[-153.76788045080025,66.81100420015542],[-153.7678582561912,66.81095953237943],[-153.76783635935345,66.8109192442878],[-153.7677915771831,66.81087890602693],[-153.76772436512758,66.81084312204344],[-153.7676460476376,66.8108117488108],[-153.76755625158614,66.81078471976001],[-153.76746643016753,66.810762307692],[-153.7673655065621,66.81074873184497],[-153.76725307868156,66.81074411715609],[-153.7671405463616,66.81074400701561],[-153.76703942052382,66.810748291257],[-153.76692679013271,66.81076153662376],[-153.7668366494833,66.81078380824287],[-153.76674632531478,66.81081047204785],[-153.76666748630532,66.81084164269544],[-153.7666107607109,66.81087734761158],[-153.7665654415144,66.81091744702526],[-153.76653131012512,66.81095767366354],[-153.76651988091598,66.81100234294294],[-153.76651937107275,66.8110425682696],[-153.7665414558792,66.81108731536554],[-153.76658615792218,66.81112754165481],[-153.766630749168,66.81116342152721],[-153.76670925670575,66.81119925419432],[-153.76678757139004,66.81122620248857],[-153.76687747626852,66.81125315298773],[-153.7669785095671,66.81126665013407],[-153.76707962176687,66.81128025959981],[-153.76719215645275,66.81128036982851],[-153.76730458336368,66.81128055908125],[-153.76740591983216,66.8112672653598],[-153.76750714843348,66.81125405067955],[-153.76759728642912,66.8112273530584],[-153.76768753191814,66.81120057625475],[-153.76775525781625,66.81116496469303],[-153.76781198210844,66.81112925924147],[-153.76784600378093,66.81108911134557],[-153.76786883399902,66.81104441079007],[-153.76788045080025,66.81100420015542]]]}"
00000000000000000023,0.25940732320573495,-0.14749593198441668,0.5539874785656713,-0.42424402680445245,,,0.6577198026722596,-0.49870963700006393,0.23603340536934905,-0.023397153677678185,,,0.629359945847273,-0.46861015601512535,,,,,0.37438576039835036,-0.2754352721684496,0.11024622770574306,-0.09623331127294935,0.1681340443132589,-0.12121651851804578,,,0.24029683829165288,-0.1432566864171393,30.0,HOGATZA RIVER,2016.0,1466924400000,36.0,M,,47,36.0,36,2827.43338823,188.495559215,"{""type"":""Polygon"",""coordinates"":[[[-153.9197462082524,66.77586043844687],[-153.91973518443123,66.77581575275462],[-153.91970153752106,66.77577550219593],[-153.91965680471463,66.77573524989408],[-153.91958963530237,66.77569946574775],[-153.91952220128329,66.7756681532285],[-153.91943251703123,66.77564134187229],[-153.9193315107371,66.7756234258097],[-153.91923034674616,66.77560990208067],[-153.91911820470943,66.77560091425465],[-153.91901709869137,66.77560085829947],[-153.91890474958603,66.77560980987793],[-153.91880362187823,66.77562310939057],[-153.91870260181514,66.77564094658787],[-153.91861261747874,66.77566771570507],[-153.91854501982277,66.77569894695031],[-153.91847752974593,66.77573471592527],[-153.9184325334707,66.77577486783339],[-153.9183987024745,66.7758151338776],[-153.91838736545174,66.77585978289284],[-153.91839838704374,66.77590446866726],[-153.91840956660718,66.77594476203829],[-153.91845440518256,66.77598493551822],[-153.9185104094012,66.77602522313074],[-153.9185776571409,66.77605650313774],[-153.918656177595,66.77608781800062],[-153.91874602084133,66.77611023751803],[-153.9188470289516,66.77612815407697],[-153.91895935970751,66.77613717523728],[-153.9190715826084,66.77614165853285],[-153.9191726621436,66.7761372890093],[-153.91928501328172,66.77612833722351],[-153.91938622088847,66.77611053263449],[-153.91947594079832,66.77608823462717],[-153.91955462413944,66.77605700462115],[-153.91962222113636,66.77602577282238],[-153.9196784088494,66.77598554295425],[-153.9197235102906,66.77594531132746],[-153.9197461460491,66.77590512241002],[-153.9197462082524,66.77586043844687]]]}"
00000000000000000024,0.2239189022190103,-0.13936789867295296,0.5360697164756751,-0.41675032519652344,,,0.6577478735798995,-0.5070982622336127,0.35718206910769645,-0.18717878916588446,0.22934626324873744,-0.22435605646642567,0.6247936820954151,-0.4765307176217219,,,,,0.308850104037384,-0.0834758531797903,0.35992680744504146,-0.2661443482998689,0.2402851819109044,-0.18817492888902076,,,0.4138879635623701,-0.3330107194112338,30.0,HOGATZA RIVER,2016.0,1466924400000,37.0,,,48,37.0,37,2827.43338823,188.495559215,"{""type"":""Polygon"",""coordinates"":[[[-153.91378771142746,66.7777925909313],[-153.91376531575187,66.77774794856852],[-153.91374305490226,66.77770765244517],[-153.91368713218978,66.77766747497846],[-153.91363105092753,66.777631689907],[-153.9135525297725,66.77760037193815],[-153.9134627629225,66.77757344406534],[-153.91337302367882,66.77755555862855],[-153.91327193156522,66.77754214249363],[-153.91315959359756,66.77753311639358],[-153.91304739005648,66.77753305344933],[-153.9129462215864,66.77754192291195],[-153.91283388630677,66.77755529468243],[-153.91274393903063,66.77757312956369],[-153.91265393949809,66.77759989456737],[-153.91257524077582,66.77763112039618],[-153.91251911645622,66.77766684249104],[-153.91247399958502,66.7777070716343],[-153.91244007688792,66.77774722388654],[-153.9124286217394,66.77779195170403],[-153.9124285472877,66.77783663571478],[-153.9124509134356,66.77787685280519],[-153.91249564066192,66.77791710767949],[-153.91254055439822,66.77795739561091],[-153.91261907584084,66.77798871421157],[-153.91269759744873,66.77802003277132],[-153.9127872586112,66.77804242342724],[-153.91288827315825,66.77806034469793],[-153.91298933975912,66.77806933569555],[-153.91310175960461,66.77807385726997],[-153.9132140449387,66.77806941548455],[-153.91331521522918,66.77806054583395],[-153.91341625084257,66.77804271284],[-153.91350617131985,66.77802045201467],[-153.91359625042864,66.7779891816864],[-153.91366367493043,66.77795791989173],[-153.91372006371213,66.77791772560964],[-153.91375379803588,66.77787753991758],[-153.91377625867113,66.77783731890753],[-153.91378771142746,66.7777925909313]]]}"
00000000000000000025,0.1907669658391032,-0.11257873887548768,0.4929314523414388,-0.3936313399572987,,,0.6275679372810711,-0.4801104987051268,0.21433600146104953,-0.027018615783218097,0.255073864694031,-0.2601266724211638,0.6197682965392488,-0.4675441728408294,,,,,0.2850168157926959,-0.08500301406081191,0.3128664543346222,-0.2118522145158674,0.20672502082150235,-0.15932977439193613,,,0.39242287578026963,-0.30305162645235745,30.0,HOGATZA RIVER,2016.0,1466924400000,38.0,,,49,38.0,38,2827.43338823,188.495559215,"{""type"":""Polygon"",""coordinates"":[[[-153.91486715802534,66.77740440739929],[-153.9148561692591,66.77736414669737],[-153.91482249900702,66.77731946932838],[-153.9147777697989,66.7772792152713],[-153.9147216882243,66.77724343069269],[-153.91464316739032,66.77721211340524],[-153.9145533220073,66.77718969102048],[-153.9144523898534,66.77716726639099],[-153.9143512992398,66.77715385111244],[-153.9142502364336,66.77714486122943],[-153.91413803515528,66.7771447992383],[-153.91402578217873,66.77715366733302],[-153.91392453661405,66.77716704227477],[-153.91382353262108,66.77718930114176],[-153.91374459523885,66.77721164366773],[-153.91366589936604,66.77724287015064],[-153.91359850427023,66.77727855738205],[-153.91355338991406,66.7773187868859],[-153.9135309568951,66.77736343327143],[-153.91350820274107,66.77740370036157],[-153.9135192171363,66.77744838662069],[-153.91354158445623,66.77748860350259],[-153.91357525295635,66.77753328118894],[-153.91363133392684,66.77756906626942],[-153.91369850216165,66.77760485358684],[-153.91377699577316,66.77763174599637],[-153.91387803659106,66.77765409195074],[-153.91397904982185,66.77767201235504],[-153.91408000767984,66.77768108173065],[-153.91419242543816,66.77768560234803],[-153.9142936212068,66.77768115740665],[-153.91440587621565,66.77767228910496],[-153.9145069090692,66.77765445526097],[-153.91459693389527,66.77763211444093],[-153.91467555019457,66.77760539208792],[-153.91474323769074,66.77756965808433],[-153.9147993581515,66.77753393500291],[-153.91484444277927,66.7774892795474],[-153.9148670877074,66.77744909142719],[-153.91486715802534,66.77740440739929]]]}"
00000000000000000026,0.19929251216411994,-0.15022944548500292,0.48408460237794126,-0.37466130895035543,,,0.656837597676612,-0.5163022902413352,0.603517817258284,-0.46761130074060464,0.5860897045929008,-0.4716147525119526,0.06253170283681252,0.030879985963181776,,,,,0.03935977274683113,0.1817515551664183,0.1941781455294795,-0.13963482613662664,0.1986786636590776,-0.14120280103371263,,,0.28805636401597634,-0.17338834765281277,30.0,HOGATZA RIVER,2016.0,1466924400000,39.0,,,50,39.0,39,2827.43338823,188.495559215,"{""type"":""Polygon"",""coordinates"":[[[-153.91089075956862,66.78423577227075],[-153.91087974529472,66.78419108494604],[-153.91084609830665,66.7841508312063],[-153.91080136136682,66.78411057492383],[-153.91074526830104,66.78407478780825],[-153.91066672907925,66.78404346729266],[-153.91057694084728,66.78401653665736],[-153.9104871522339,66.78399422306171],[-153.91037486533224,66.7839806892163],[-153.91027369515902,66.78397620050536],[-153.9101614621371,66.78397613467199],[-153.91004914913103,66.78398057352908],[-153.9099479803992,66.78399386599718],[-153.90985792808107,66.78401620364828],[-153.9097679027027,66.78404296678463],[-153.90968918073847,66.78407419111186],[-153.90963303874048,66.78410991236166],[-153.9095766301567,66.78415010530442],[-153.90955415822697,66.7841903261428],[-153.90953141980378,66.78423501869734],[-153.90954251185477,66.78427520131613],[-153.9095648005741,66.7843199244453],[-153.90959844602432,66.78436017850339],[-153.9096545384749,66.78439596612034],[-153.90972172132524,66.78443175635378],[-153.9098116176301,66.78445860837309],[-153.909901220561,66.78448550650393],[-153.9100023401084,66.78449892588313],[-153.91010335260796,66.78451242442547],[-153.9102158815125,66.78451244417612],[-153.91032811683257,66.78451250999959],[-153.9104292871831,66.78449921724902],[-153.910530378065,66.78448581211144],[-153.91062040381513,66.78445904843299],[-153.91069915272212,66.78443224907177],[-153.91077784681593,66.7843965985537],[-153.91082289733814,66.78436087423252],[-153.91086802750803,66.78432064510473],[-153.91089076353524,66.78427595227429],[-153.91089075956862,66.78423577227075]]]}"
00000000000000000027,0.2143348393810581,-0.14948367102749352,0.4350840158063794,-0.32497837919899314,,,0.6327033757130323,-0.49164628738709976,0.5775545027925475,-0.4446366506557534,0.5569064084854611,-0.43705041708630843,0.06571862601260997,0.026871151028037235,,,,,0.28006023993800533,-0.09323924812081884,0.2668321797654188,-0.19383855905271316,0.19749714777072963,-0.14369271055274904,,,0.34771630135744575,-0.24454641606574518,30.0,HOGATZA RIVER,2016.0,1466924400000,40.0,,,51,40.0,40,2827.43338823,188.495559215,"{""type"":""Polygon"",""coordinates"":[[[-153.91034993617114,66.78468240335089],[-153.91033894976346,66.78464214149201],[-153.91030527562512,66.78459746201025],[-153.91026053855705,66.784557205494],[-153.91020444505347,66.78452141809936],[-153.91012590486443,66.78449009721103],[-153.9100362218605,66.78446770402047],[-153.90994635255635,66.78444527770243],[-153.90983414297696,66.78443185566232],[-153.909733050836,66.78442286171475],[-153.90962062916975,66.78442276232076],[-153.9095083409477,66.78443162624387],[-153.90940706283422,66.7844449975209],[-153.90931730182044,66.7844672886339],[-153.90922724708824,66.7844896258512],[-153.90914852297385,66.78452084986483],[-153.90909219276878,66.78455653783226],[-153.9090359687285,66.78459676363902],[-153.9090132290801,66.78464145613698],[-153.90899056945707,66.78468164384417],[-153.90900176729699,66.78472636441359],[-153.90902413570987,66.78476658289085],[-153.9090575145634,66.7848113088558],[-153.9091136074621,66.78484709675244],[-153.90918108451464,66.78488284114792],[-153.90927068858022,66.78490973975201],[-153.90936055924854,66.78493216657579],[-153.9094616005384,66.78495009120539],[-153.9095626947976,66.78495908540499],[-153.90967495953774,66.78496357737295],[-153.90978746347906,66.7849591719598],[-153.9098884768353,66.78495027212679],[-153.90998972922694,66.78493247492855],[-153.9100794909411,66.78491018334482],[-153.91015842835168,66.78488341737177],[-153.9102370453748,66.78484765485402],[-153.91028209747125,66.78481193069493],[-153.9103272020591,66.7847672761669],[-153.91034985952086,66.78472708818934],[-153.91034993617114,66.78468240335089]]]}"
00000000000000000028,0.16870498215847382,-0.14212145525848288,0.48683463435591234,-0.3507487510945571,,,0.6783101424082365,-0.5198523254555912,0.6095358832432836,-0.4656206704243358,0.6052338536733688,-0.4743472551136273,0.07297676819238416,0.036194541312637885,,,,,0.38612229533984116,-0.2708655376813474,0.214795861616273,-0.15280964744207262,0.1431812208697753,-0.09713146049143814,,,0.2879403628170605,-0.17171510737076134,30.0,HOGATZA RIVER,2016.0,1466924400000,41.0,,,52,41.0,41,2827.43338823,188.495559215,"{""type"":""Polygon"",""coordinates"":[[[-153.91010126243532,66.78516936744349],[-153.91009024889505,66.7851246799482],[-153.9100566016225,66.7850844258996],[-153.9100117568491,66.78504424847414],[-153.90995566248728,66.78500846091268],[-153.90987722806537,66.78497706057595],[-153.9097873298548,66.7849502085322],[-153.90969764535723,66.78492781506182],[-153.90958524722845,66.78491435969016],[-153.90948407314175,66.7849098703075],[-153.90937183564947,66.78490980373981],[-153.90925951805167,66.78491424187197],[-153.90915834493984,66.78492753370759],[-153.90906828844726,66.78494987081888],[-153.90897855231333,66.78497658725972],[-153.90889971928232,66.7850078903785],[-153.9088321107008,66.78504354248368],[-153.9087869758003,66.78508377093026],[-153.90876450191965,66.78512399171034],[-153.90874176141753,66.78516868421472],[-153.90875285285597,66.78520886699472],[-153.90877514128974,66.78525359036836],[-153.9088087870242,66.78529384473535],[-153.90886488077072,66.78532963279818],[-153.9089320653588,66.78536542355006],[-153.9090219645411,66.78539227621667],[-153.9091116774485,66.78541909575526],[-153.90921269356105,66.78543259506327],[-153.90931381684274,66.78544601505828],[-153.90942624311938,66.78544611478299],[-153.90953848291,66.78544618134079],[-153.90963976475084,66.78543280998454],[-153.9097407529026,66.78541948471685],[-153.90983078294235,66.78539272156827],[-153.90990953569047,66.78536592266306],[-153.90998834096408,66.78533019334266],[-153.91003339421857,66.78529446923736],[-153.91007842013425,66.78525431955454],[-153.91010115824022,66.7852096267742],[-153.91010126243532,66.78516936744349]]]}"
00000000000000000029,0.2312042888641484,-0.17233890477863817,0.4452505677299138,-0.3225032402326803,,,0.6692147617095155,-0.5157731716032882,0.6058366908495301,-0.46163296296405193,0.5166492182393668,-0.4508135110762954,0.20144569362905396,-0.08289494226364703,,,,,0.5203074297854062,-0.39997177368163506,0.31531200028485784,-0.2644119486746609,0.2557528937050778,-0.20201396717173278,,,0.3393379798027223,-0.26840792205445024,30.0,HOGATZA RIVER,2016.0,1466924400000,42.0,,,53,42.0,42,2827.43338823,188.495559215,"{""type"":""Polygon"",""coordinates"":[[[-153.90902087906906,66.78569623254782],[-153.9089986167987,66.78565593471254],[-153.90897622045975,66.78561129055117],[-153.90893151025816,66.78557545903747],[-153.90886413866338,66.7855396351831],[-153.90878559635908,66.78550831338322],[-153.9087069740875,66.78548149634312],[-153.90860601098944,66.78545906628446],[-153.90850488768308,66.78544564575192],[-153.9083927275345,66.78544107351655],[-153.90828019361672,66.78544105214945],[-153.90817907083792,66.78544541285474],[-153.9080779739169,66.78545881615196],[-153.90797693055544,66.78548107049369],[-153.90788689750804,66.7855078323506],[-153.90780806120435,66.78553913481967],[-153.90775172674034,66.78557482225635],[-153.90770666940398,66.7856105455553],[-153.90767283574652,66.78565523509133],[-153.90766145052726,66.78569545852878],[-153.9076613694363,66.78574014342323],[-153.9076836566653,66.78578486702702],[-153.90772839262073,66.7858251245287],[-153.9077732090023,66.78586087721949],[-153.90785177842324,66.78589662521726],[-153.90793029432245,66.78592352204107],[-153.90802016802758,66.78594594987904],[-153.90812121307556,66.78596387563354],[-153.90823342941968,66.78597729927783],[-153.9083345811597,66.78597736412523],[-153.908446823835,66.78597743164678],[-153.90854810881302,66.78596406114853],[-153.90864936665733,66.78594626500231],[-153.9087504108871,66.78592401013567],[-153.90882916671106,66.78589721187647],[-153.90889669807396,66.78586144741043],[-153.90895303122912,66.78582575944111],[-153.90898678257852,66.78578557432984],[-153.90900952304665,66.78574088170596],[-153.90902087906906,66.78569623254782]]]}"
0000000000000000002a,,,0.24197721459442306,-0.20021583550782052,,,0.5960295955405496,-0.46261711846771925,0.1588793630275867,-0.08805698464834733,0.596996068798136,-0.460359863658242,0.3095478328134058,-0.21946002879879398,,,,,0.4062594631580824,-0.211328292205664,0.30926611926775244,-0.19848452285502666,0.36258784902651536,-0.30378866090736656,,,0.4592127642107256,-0.37562123418342236,30.0,HOGATZA RIVER,2016.0,1466924400000,43.0,,,54,43.0,43,2827.43338823,188.495559215,"{""type"":""Polygon"",""coordinates"":[[[-153.847753460811,66.77081825587337],[-153.84774246968286,66.77077807122699],[-153.84770902176749,66.77073330037103],[-153.8476643042767,66.77069753056965],[-153.84759722539533,66.77066171208654],[-153.84751878172773,66.7706303570591],[-153.84744035442176,66.77060342721128],[-153.84733936741534,66.77058103219112],[-153.84723841285964,66.77056748753674],[-153.84712618850438,66.7705629438113],[-153.8470250678484,66.77056283301768],[-153.84691276837034,66.77056721873083],[-153.8468116675975,66.77058057494784],[-153.84671059881597,66.77060278152344],[-153.84662052623716,66.77062950026277],[-153.84655301739315,66.77066072616738],[-153.8464854171244,66.7706964564384],[-153.84644028562755,66.77073215636712],[-153.84640635277938,66.77077682692071],[-153.8463948728522,66.77081704194937],[-153.84639468296962,66.77086172322102],[-153.84641685494256,66.77090645337768],[-153.8464614801246,66.77094672800601],[-153.84651728448273,66.77098250607479],[-153.84658465667354,66.77101827910391],[-153.84666308471517,66.77104520949824],[-153.84675269191507,66.77106764327816],[-153.84685366453638,66.7710856135752],[-153.8469658162366,66.77109908720685],[-153.84706693901543,66.77109919807863],[-153.84717914956522,66.77109931667131],[-153.84729152606997,66.77108600112504],[-153.84739261211016,66.77106821932142],[-153.8474827012481,66.77104592525883],[-153.8475614999071,66.77101916498835],[-153.8476289918591,66.7709835133053],[-153.8476853958828,66.77094785383458],[-153.84771934275807,66.77090760812425],[-153.84774189201596,66.77086297546342],[-153.847753460811,66.77081825587337]]]}"
0000000000000000002b,,,0.230936886739635,-0.19694982597422112,,,0.5670006326061219,-0.4563069652944727,0.1312310865365914,-0.08775675684590896,0.579252741368637,-0.4593786875055847,0.2968740499222449,-0.21571524170219977,,,,,0.39019007876181855,-0.20505731863055657,0.2764893994431187,-0.1601858268709472,0.3440709273423123,-0.283027397139433,,,0.44331648875511226,-0.3554463145270364,30.0,HOGATZA RIVER,2016.0,1466924400000,44.0,,,55,44.0,44,2827.43338823,188.495559215,"{""type"":""Polygon"",""coordinates"":[[[-153.8475661679626,66.77022368067622],[-153.84755499118705,66.77018346293738],[-153.84752173074583,66.77013872528214],[-153.8474770145983,66.77010295549869],[-153.8474097512652,66.77006710385541],[-153.8473313096417,66.77003574880194],[-153.8472527770609,66.77000889810203],[-153.84715189978158,66.76998642383346],[-153.8470510266028,66.7699729914333],[-153.84693861848163,66.76996841444182],[-153.8468264127068,66.76996829572128],[-153.8467254965804,66.76997264310029],[-153.84662421161835,66.76998596602998],[-153.84652303756977,66.77000825163886],[-153.84643296671294,66.77003497023347],[-153.84636545904795,66.7700661960091],[-153.84629796719366,66.77010184696164],[-153.8462528363376,66.77013754677705],[-153.84621890379364,66.77018221721283],[-153.84620742371933,66.7702224321557],[-153.84620723339594,66.77026711334538],[-153.84622940443387,66.77031184344376],[-153.84627402822954,66.77035211804585],[-153.8463300172904,66.77038792926453],[-153.8463970940672,66.77042374832514],[-153.84647562738832,66.77045059957221],[-153.84656523238644,66.77047303340636],[-153.84666620259955,66.77049100377789],[-153.84677853798163,66.77050451065956],[-153.84687947223472,66.77050458848322],[-153.84699186659822,66.77050474035012],[-153.84709296690028,66.77049138399192],[-153.84719405089876,66.77047360233692],[-153.84729511854306,66.77045139538505],[-153.84737391572932,66.77042463524738],[-153.84744151382208,66.77038890451914],[-153.84749791695572,66.77035324517365],[-153.84753175620776,66.77031307875535],[-153.84755459897787,66.77026840017216],[-153.8475661679626,66.77022368067622]]]}"
0000000000000000002c,,,0.21521949863502166,-0.20004337020485036,,,0.5756645149732436,-0.46717267652297023,,,0.5356374580080229,-0.43024451484599874,0.31894048415757237,-0.22946664538328368,,,,,0.10009920566537571,-0.04771868865336027,0.05484886943467661,0.026209325199521852,0.14328417082778774,-0.07463326674621693,,,0.2512322711964177,-0.15205168650627537,30.0,HOGATZA RIVER,2016.0,1466924400000,45.0,,,56,45.0,45,2827.43338823,188.495559215,"{""type"":""Polygon"",""coordinates"":[[[-153.84376672194279,66.76904926318669],[-153.84374444895667,66.76900461209958],[-153.8437222988643,66.76896430702689],[-153.84367757386246,66.76892411100114],[-153.84361031783513,66.76888825767287],[-153.8435318831411,66.76885690059487],[-153.84344237704934,66.76882996056749],[-153.84335268746267,66.76881202921555],[-153.8432516328085,66.76879856089863],[-153.84313932031966,66.7687894764113],[-153.84302711765233,66.76878935454033],[-153.84292611174533,66.76879820342457],[-153.8428137404617,66.76881151528494],[-153.84272374479025,66.7688293017108],[-153.84263385862732,66.76885605078476],[-153.8425550746805,66.76888723315481],[-153.84249855908598,66.76892296935797],[-153.8424534393517,66.76896309288956],[-153.84241948563613,66.76900333693136],[-153.84240801506425,66.76904797651078],[-153.8424078026446,66.76908823225305],[-153.84242996626733,66.76913296271955],[-153.8424746899959,66.76917315916789],[-153.84251930657283,66.7692134347857],[-153.842597741548,66.76924479249561],[-153.84267617668849,66.76927615016469],[-153.84276596210418,66.76929861954893],[-153.8428667405395,66.76931655949355],[-153.8429677818256,66.7693256029609],[-153.8430800022731,66.76933015011177],[-153.8431923780943,66.7693258799412],[-153.843293493106,66.76931695169179],[-153.84339457704368,66.76929917297687],[-153.8434845580703,66.76927696089406],[-153.84357453617886,66.76924570684508],[-153.8436422323616,66.76921451574991],[-153.8436985448516,66.76917432065997],[-153.84373238928242,66.76913415542057],[-153.84375523822044,66.76908947773315],[-153.84376672194279,66.76904926318669]]]}"
0000000000000000002d,,,0.222608205153683,-0.1883190542774564,,,0.5819308673841371,-0.45591104671619764,,,0.43948402178244755,-0.2771928176003255,0.5264900891568179,-0.39921073129169427,,,,,0.043281047467940904,-0.038351449453990924,0.15383277639352455,-0.06315225860511868,,,,,0.35240785591581525,-0.2612708883988141,30.0,HOGATZA RIVER,2016.0,1466924400000,46.0,,,58,46.0,46,2827.43338823,188.495559215,"{""type"":""Polygon"",""coordinates"":[[[-153.83828793199757,66.76712684382224],[-153.83827706460656,66.76708657989575],[-153.83824352978579,66.76704188662134],[-153.83819892309697,66.76700160997235],[-153.83814295100132,66.76696579594338],[-153.83806471325795,66.76693446915029],[-153.83797493836238,66.76691199691176],[-153.83788534984882,66.76688955778312],[-153.8377730302798,66.76687604378817],[-153.8376721842431,66.76686702975138],[-153.83755998702725,66.76686690336217],[-153.83744741771906,66.76687575235064],[-153.83734642901763,66.76688902214842],[-153.83725652712891,66.76691134228012],[-153.83716654608602,66.7669335500087],[-153.83708775909062,66.76696472892952],[-153.837031424632,66.7670004957084],[-153.8369749180801,66.7670406544444],[-153.83695235166272,66.7670852845347],[-153.83692947728193,66.76712553548063],[-153.83694054326543,66.76717025780856],[-153.83696280328485,66.76721490960004],[-153.83699613575115,66.76725514487191],[-153.83705210723755,66.7672909594024],[-153.83711916559804,66.76732678253366],[-153.83720895597622,66.76735368054507],[-153.83729854584396,66.76737612017898],[-153.83739950172668,66.76739409719207],[-153.83750053613866,66.76740314464922],[-153.83761275016042,66.7674076962799],[-153.8377249352218,66.76740339750603],[-153.83782604730828,66.76739447340849],[-153.83792731653446,66.76737673208959],[-153.83801711183014,66.76735449066055],[-153.83809591302182,66.76732773630546],[-153.83817479223185,66.76729205241986],[-153.83821993145648,66.76725635575727],[-153.83826505599438,66.7672162339271],[-153.83828772739227,66.76717152438813],[-153.83828793199757,66.76712684382224]]]}"
0000000000000000002e,,,0.25027262734337247,-0.20148786811652925,,,0.6474578076152878,-0.4956301156891674,,,0.3444959732176845,-0.20005733619899665,0.6284866809513038,-0.47791480426490823,,,,,,,0.0931861379728816,-0.005721602959186174,,,,,0.24482191462127842,-0.13285671669732013,30.0,HOGATZA RIVER,2016.0,1466924400000,47.0,,,59,47.0,47,2827.43338823,188.495559215,"{""type"":""Polygon"",""coordinates"":[[[-153.8365830827182,66.76687937967507],[-153.83657201751708,66.7668346573663],[-153.83654977279136,66.76679443071757],[-153.83649408233578,66.76675414490626],[-153.83643811272137,66.76671833022468],[-153.83635969093177,66.76668696931765],[-153.83627008972795,66.76666010399909],[-153.83618022349506,66.76664213490939],[-153.83606819855834,66.76662857350082],[-153.83596716701544,66.76661952502194],[-153.83585486267208,66.76661947637137],[-153.83575385925946,66.76662831980327],[-153.8356414897563,66.7666416255611],[-153.83555160077023,66.76665932785274],[-153.83546171141288,66.76668607187483],[-153.83538281514205,66.76671732890632],[-153.83532639941623,66.76675298256157],[-153.835270076519,66.76679317367655],[-153.83524730685082,66.76683334508895],[-153.8352357167385,66.7668780627583],[-153.8352355068152,66.76692274320533],[-153.83525774977164,66.76696297006052],[-153.83529126574913,66.76700323885824],[-153.83534695523232,66.76704352518549],[-153.83541429059377,66.76707487796551],[-153.83550379953797,66.76710624822276],[-153.83559368133828,66.76712864296091],[-153.8356944496044,66.76714658806203],[-153.8357954832606,66.76715563679404],[-153.83590758950683,66.76716026902201],[-153.83602006825717,66.76715592568662],[-153.83612107348802,66.76714708206804],[-153.83622215748943,66.76712930890413],[-153.83631224770755,66.76710702265812],[-153.83640212299682,66.7670758528858],[-153.83646963849242,66.76704463254327],[-153.83652614597102,66.76700447403555],[-153.8365601075399,66.76696423184467],[-153.8365828751211,66.76692406016059],[-153.8365830827182,66.76687937967507]]]}"
00000000000000000015,,,0.5316278483209524,-0.38700176533763514,,,0.6534191990030938,-0.4744303920250157,0.5422926993899536,-0.38511510749512606,0.502314270959297,-0.28380784495609407,,,,,,,0.15676795357466514,-0.13949127284514876,,,0.06529943515274997,-0.044289669619496215,,,0.16917996709932442,-0.04378501646671352,30.0,HOGATZA RIVER,2016.0,1466924400000,22.0,M,Not super confident its a pond,31,22.0,22,2827.43338823,188.495559215,"{""type"":""Polygon"",""coordinates"":[[[-153.69261626770046,66.77021130524692],[-153.69260562777455,66.7701666077688],[-153.6925723065347,66.77012630583668],[-153.69252789000777,66.77008598311095],[-153.69246097851868,66.77005008926834],[-153.69238285370125,66.77001867844866],[-153.6923044246802,66.76999173807101],[-153.69220350069546,66.76996922649809],[-153.69210274236198,66.76995559782972],[-153.69199046610663,66.76995092258242],[-153.69187825783987,66.76995078446198],[-153.69177724230977,66.76995501285556],[-153.69167599019278,66.76996824887188],[-153.69157460921312,66.76999041346208],[-153.69148449919888,66.77001705702696],[-153.6914167555883,66.77004820047615],[-153.6913488934896,66.77008384774147],[-153.69130369192817,66.77012394926457],[-153.69126947788533,66.77016415072097],[-153.69125773832408,66.77020877310154],[-153.69125729097888,66.77024902495354],[-153.69127902424358,66.77029374341448],[-153.69132362570997,66.7703340999323],[-153.69137925495937,66.77036994010663],[-153.6914462739994,66.77040575547322],[-153.69152459591757,66.7704327754468],[-153.69161412140463,66.77045973720257],[-153.69171498953432,66.77047328724262],[-153.69182703172288,66.77048697048093],[-153.69192814674307,66.77048708783647],[-153.69204043570653,66.77048733836969],[-153.69214168946104,66.77047410208222],[-153.69224294306468,66.77046086571592],[-153.69234414901942,66.77043424242066],[-153.6924231636499,66.77040757744253],[-153.6924909168963,66.7703720086298],[-153.69254749604022,66.77033630657282],[-153.6925816002641,66.77029618378626],[-153.69260454078116,66.77025150298034],[-153.69261626770046,66.77021130524692]]]}"
00000000000000000016,,,0.5533271356312256,-0.3971957520583528,,,0.6650533585642234,-0.4813018742126307,,,0.19798174332886956,-0.19074672562193645,0.08931365811688254,-0.042260016079602745,,,,,0.15267066472459104,-0.143674115012118,0.06367528649752038,-0.051132649199506885,,,,,0.346501427920561,-0.21531015912366264,30.0,HOGATZA RIVER,2016.0,1466924400000,23.0,M,Not super confident its a pond,32,23.0,23,2827.43338823,188.495559215,"{""type"":""Polygon"",""coordinates"":[[[-153.7087705504344,66.78273174447529],[-153.70875986849097,66.78269147118382],[-153.70872651349245,66.78264674622467],[-153.70868205141875,66.78260642675836],[-153.70861508823307,66.78257053896482],[-153.70854801010867,66.78253915521744],[-153.70845842357917,66.78251662810372],[-153.70835762945723,66.78249416045416],[-153.70825652663592,66.7824805884603],[-153.70814431661472,66.7824714218374],[-153.70804327025832,66.78247123711958],[-153.70793070718784,66.78248000753541],[-153.70782953062945,66.78249317673689],[-153.7077283097398,66.78251538735174],[-153.70764939635413,66.78253755803289],[-153.7075704385722,66.78256877015872],[-153.70750268091118,66.78260434779743],[-153.7074571940868,66.78264450206761],[-153.70742298598853,66.7826891343085],[-153.70741127950254,66.78272933507598],[-153.7074221382843,66.78277406680978],[-153.70744409719495,66.78281881817216],[-153.7074772715794,66.78285908508454],[-153.7075331342295,66.7828949538573],[-153.70760009714837,66.78293084222325],[-153.70767839087986,66.78295774201433],[-153.70777926509297,66.78298032264696],[-153.7078689681896,66.7829983461905],[-153.70798128838376,66.78300743403133],[-153.7080933218113,66.78301214247709],[-153.70819467174627,66.78300785646213],[-153.708307050533,66.78299905249114],[-153.70840834369372,66.78298137885233],[-153.70849846536248,66.78295914817072],[-153.70857738622823,66.78293255194922],[-153.70864525069328,66.78289689465079],[-153.70870172077585,66.78286126351603],[-153.70874701941867,66.78282107541762],[-153.7087701251737,66.78277642327349],[-153.7087705504344,66.78273174447529]]]}"
00000000000000000017,,,0.5536780858152556,-0.42519417272046134,,,0.6886910900897911,-0.5241138664394345,,,0.19052448294433347,-0.19796281136618132,0.07437668952917298,-0.05349610513032676,,,,,0.16433108006918284,-0.15613936707279988,0.0713158711541467,-0.06076817180281346,,,,,0.37528477955801043,-0.25491538155912985,30.0,HOGATZA RIVER,2016.0,1466924400000,24.0,M,Not super confident its a pond,33,24.0,24,2827.43338823,188.495559215,"{""type"":""Polygon"",""coordinates"":[[[-153.70994564469277,66.78312708423515],[-153.70993496074533,66.78308681096203],[-153.70990178964072,66.7830421195581],[-153.70985732523152,66.78300180040294],[-153.7098014597249,66.78296593254962],[-153.70972327944162,66.78293452990009],[-153.70963369097652,66.78291200352153],[-153.70953270848509,66.78288950335538],[-153.70943189818055,66.78287588649684],[-153.70933067882578,66.78286681935987],[-153.70921834514274,66.78286658270352],[-153.70910607553242,66.78287530839594],[-153.70900479079424,66.78288855756385],[-153.7089033836391,66.78291073574731],[-153.7088244705306,66.7829329071534],[-153.70874551345204,66.7829641200212],[-153.70867775680935,66.78299969831288],[-153.70863245776457,66.78303988640171],[-153.70859825143896,66.78308451902149],[-153.70858654673577,66.78312471996459],[-153.70859722140466,66.78316941833631],[-153.7086192977263,66.78320966550832],[-153.70865235924774,66.7832544362899],[-153.70870822413417,66.78329030464452],[-153.70877518939847,66.78332619249618],[-153.70885367149242,66.78335312500826],[-153.70895446924075,66.78337559239307],[-153.70905546063872,66.78339366803344],[-153.70915638796052,66.78340278114113],[-153.70926871684978,66.78340744290874],[-153.70936977342154,66.783403201723],[-153.70948233921882,66.78339443011086],[-153.70958344620115,66.7833767222122],[-153.70967375402998,66.78335452405733],[-153.7097524880787,66.78332789375371],[-153.70982035152255,66.78329223580128],[-153.70987692828845,66.78325652504559],[-153.70992241885082,66.7832119448075],[-153.70994522153575,66.7831717631194],[-153.70994564469277,66.78312708423515]]]}"
00000000000000000019,,,0.5789349329542757,-0.41635800138303924,,,0.6788388519765421,-0.49861868248874003,,,0.586428299978132,-0.4331760767351791,-0.001900103535298554,0.0058943595634826235,,,,,0.01779175681353116,-0.05292815670324569,,,0.08772064291991136,-0.07637921382023331,,,0.24996802498582563,-0.14382267686981742,30.0,HOGATZA RIVER,2016.0,1466924400000,26.0,M,Not super confident its a pond,35,26.0,26,2827.43338823,188.495559215,"{""type"":""Polygon"",""coordinates"":[[[-153.71171664139433,66.78762182932833],[-153.7117057657383,66.78758152225822],[-153.7116725851794,66.78753683058366],[-153.71162799534625,66.78750101548891],[-153.7115721174087,66.78746514773147],[-153.71149392139986,66.78743374547982],[-153.71140443064326,66.78740671559937],[-153.71130342946333,66.78738421620122],[-153.7112024934631,66.78737067930089],[-153.71110154400057,66.78736599248064],[-153.71098908388672,66.7873658360934],[-153.710876616916,66.78737010468737],[-153.7107754244431,66.78738327606047],[-153.71068529074415,66.78740550837246],[-153.71059515000888,66.78743216569897],[-153.71051610410893,66.78746326743615],[-153.71044823159127,66.78749892602075],[-153.7104030433296,66.78753461101462],[-153.7103799372906,66.7875792640352],[-153.71035713225285,66.78761944625943],[-153.71036781265846,66.7876641451433],[-153.710389781501,66.78770889678962],[-153.71042315353367,66.78774919704608],[-153.7104788444769,66.78778503195542],[-153.71054582399793,66.78782091959177],[-153.71062432145604,66.78784785163944],[-153.71072503003103,66.78787039732498],[-153.71082603972638,66.78788847213532],[-153.71092709236663,66.78789750522066],[-153.71103933240667,66.78790224491591],[-153.71114051313057,66.787897923519],[-153.7112530967516,66.78788915057612],[-153.7113544052345,66.78787147469195],[-153.71144443182405,66.7878493209772],[-153.71152328434394,66.78782261038766],[-153.71160244419744,66.78778700386104],[-153.7116476309507,66.78775131841178],[-153.71169311841655,66.7877111621442],[-153.71171603577545,66.78766647549651],[-153.71171664139433,66.78762182932833]]]}"
0000000000000000001b,0.1942658981517177,-0.08863195709826524,0.550523942448794,-0.4301080422955958,,,0.6816384058217633,-0.5280567863087176,,,0.5987372063954719,-0.4624678749458382,,,,,,,0.3594050847878238,-0.260753176414375,,,0.05098572628078461,-0.06190975069086949,,,0.3749148113422993,-0.2553673695559678,30.0,HOGATZA RIVER,2016.0,1466924400000,28.0,M,Not super confident its a pond,37,28.0,28,2827.43338823,188.495559215,"{""type"":""Polygon"",""coordinates"":[[[-153.74937831648495,66.79595095727933],[-153.74936737912307,66.79590622610296],[-153.7493452305181,66.79586598313604],[-153.74928958503756,66.79582565830648],[-153.74923364549096,66.79578980455295],[-153.74915520488432,66.79575838947177],[-153.74906555314644,66.79573146252845],[-153.74897579360297,66.79571346520105],[-153.74887482282045,66.79569995597727],[-153.74876256203237,66.79569082243192],[-153.7486501931936,66.7956906184618],[-153.74854889839025,66.7956994727161],[-153.7484363133242,66.79571270261667],[-153.74834630775672,66.79573045683995],[-153.74825600738635,66.7957571073715],[-153.74817718296273,66.79578826600489],[-153.74812056518817,66.79582388245541],[-153.7480753157132,66.79586408615815],[-153.74804127742468,66.7959042270439],[-153.7480295247125,66.79594893820544],[-153.7480291700504,66.7959891945807],[-153.74805131660494,66.7960338630393],[-153.74808456718083,66.79607412250796],[-153.74814039812009,66.79611448115133],[-153.7482075488618,66.79614584728371],[-153.74829709360495,66.7961772792403],[-153.74838674667544,66.79619978146155],[-153.74848779794098,66.79621782879326],[-153.74858877093138,66.79622691307056],[-153.7487011419773,66.79623154242037],[-153.74881362099862,66.79622724199108],[-153.7489148099051,66.79621846665246],[-153.74901621434475,66.7962006824491],[-153.74910622085173,66.79617850247196],[-153.749196442757,66.79614731364624],[-153.74926416298746,66.79611613817575],[-153.74932088724867,66.7960760167979],[-153.74935492354166,66.79603587553522],[-153.74937777748337,66.79599118039465],[-153.74937831648495,66.79595095727933]]]}"
00000000000000000022,0.25050841880203545,-0.10829238048600393,0.5456031908946406,-0.41018931761543875,,,0.6673604059873526,-0.49647342129162664,0.2134049549374231,-0.0184905819469273,,,0.6321353767290125,-0.4672761409464564,,,,,0.43678217198831226,-0.3311824747067281,0.04209755377858598,-0.07495698126229652,0.19119373614482307,-0.11827237814305934,,,0.2741642894733756,-0.19553088993993664,30.0,HOGATZA RIVER,2016.0,1466924400000,35.0,M,Technically not within the fire boundry,46,35.0,35,2827.43338823,188.495559215,"{""type"":""Polygon"",""coordinates"":[[[-153.91739580803298,66.77693635563824],[-153.91738452233233,66.77689614132771],[-153.9173511422412,66.77685141842035],[-153.91730633174788,66.77681566994289],[-153.91723897548746,66.77677985143771],[-153.9171717269543,66.77674857067963],[-153.91708185389217,66.77672172456406],[-153.91698092263388,66.77669930189207],[-153.9168798337817,66.77668588857567],[-153.91676752840593,66.77668129107698],[-153.91666660340618,66.77668126631514],[-153.91655414013826,66.77668567806245],[-153.91645308526515,66.77669908803368],[-153.9163519000751,66.77672131580752],[-153.91626190867652,66.77674808330926],[-153.91619449112574,66.77677934641991],[-153.91612699440452,66.77681511420992],[-153.9160819642419,66.77685083988405],[-153.91604796968738,66.77689549778329],[-153.91603689360014,66.77693567501045],[-153.91604791193484,66.77698036106335],[-153.91605893031615,66.77702504712165],[-153.9161036607587,66.77706530073947],[-153.9161597434607,66.77710108473647],[-153.9162270994618,66.7771369038151],[-153.91630559328044,66.77716379470398],[-153.9163952529721,66.77718618285695],[-153.91649626487222,66.77720410130998],[-153.91660870783392,66.77721304531555],[-153.9167208292164,66.7772176099324],[-153.91682202151344,66.77721316302382],[-153.91693445866406,66.77720432559846],[-153.91703548677123,66.77718648978797],[-153.91712550675163,66.77716414721453],[-153.91720411812992,66.77713742332908],[-153.9172716138044,66.77710165494514],[-153.91732791552968,66.77706596382556],[-153.91737302281354,66.777025732963],[-153.9173954485698,66.77698108586027],[-153.91739580803298,66.77693635563824]]]}"
